city,date_day,pm2_5,pm10,us_aqi,ozone,nitrogen_dioxide,sulphur_dioxide,carbon_monoxide,carbon_dioxide,temperature_2m,relative_humidity_2m,precipitation,wind_speed_10m,surface_pressure,country,lat,lon
Chicago,2025-11-07,3.0875,3.204166666666667,27.925942375,59.166666666666664,14.420833333333334,5.375,214.75,453.5416666666667,12.270666708333332,56.291666666666664,0.10833333333333332,15.0356685625,975.5551112500001,US,41.8781,-87.6298
Chicago,2025-11-08,2.970833333333333,3.0083333333333333,26.261498083333333,59.958333333333336,10.362499999999999,2.2958333333333334,189.58333333333334,447.0,8.6810832375,70.25,0.02916666666666667,10.070024691666667,979.9955004166667,US,41.8781,-87.6298
Chicago,2025-11-09,4.108333333333333,4.345833333333333,31.056740625,66.91666666666667,6.054166666666667,1.675,169.04166666666666,443.3333333333333,2.187333269583333,73.20833333333333,0.5583333333333333,18.0102701875,985.8060283333333,US,41.8781,-87.6298
Chicago,2025-11-10,2.783333333333333,3.375,31.96264275,68.08333333333333,5.408333333333334,1.55,157.0,442.2916666666667,-1.4882291693333334,68.04166666666667,0.3416666666666666,20.051651500000002,993.0604616666666,US,41.8781,-87.6298
Chicago,2025-11-11,5.9125000000000005,6.2250000000000005,25.04042158333333,50.583333333333336,14.475,2.9,202.125,449.3333333333333,-1.2140000333333332,72.16666666666667,0.0,16.706650791666664,986.3720591666666,US,41.8781,-87.6298
Chicago,2025-11-12,4.516666666666667,4.608333333333333,26.875774500000002,51.75,14.641666666666666,2.6916666666666664,207.20833333333334,452.0,5.181833216666667,62.541666666666664,0.0,18.698756,981.1357291666667,US,41.8781,-87.6298
Chicago,2025-11-13,6.179166666666667,6.3125,24.517404875,47.125,20.3875,4.545833333333333,259.5,457.9583333333333,6.358916605,55.125,0.0,10.380318391666668,990.5344054166667,US,41.8781,-87.6298
Chicago,2025-11-14,11.9625,12.0875,39.40065129166667,32.0,33.30833333333333,6.529166666666666,322.25,472.0416666666667,9.773499975,58.458333333333336,0.0,9.892078620833333,987.1325691666666,US,41.8781,-87.6298
Chicago,2025-11-15,7.7749999999999995,7.8500000000000005,46.24204175,54.583333333333336,20.075,3.8249999999999997,242.625,466.8333333333333,15.369333083333332,77.54166666666667,0.0,17.326924316666666,974.8045162499999,US,41.8781,-87.6298
Chicago,2025-11-16,2.3125,2.370833333333333,29.172504,63.5,9.541666666666666,2.4833333333333334,188.33333333333334,450.0416666666667,6.7630833458333335,43.833333333333336,0.0,16.1021019375,980.9543954166667,US,41.8781,-87.6298
Chicago,2025-11-17,5.616666666666667,5.7,25.749362208333334,52.791666666666664,19.712500000000002,5.3374999999999995,244.20833333333334,456.75,3.0672500316666667,50.791666666666664,0.0,7.226086316666667,987.5779254166667,US,41.8781,-87.6298
Chicago,2025-11-18,8.137500000000001,8.220833333333333,36.50127704166667,47.083333333333336,28.125,5.566666666666666,217.08333333333334,451.8333333333333,4.7922501375,79.83333333333333,0.2625,15.420200262500002,987.2203304166666,US,41.8781,-87.6298
Chicago,2025-11-19,7.945833333333333,8.070833333333333,27.545719791666667,54.0,14.954166666666666,3.6625,217.75,449.5,5.623500125,88.5,0.0,11.720581279166666,991.30836,US,41.8781,-87.6298
Chicago,2025-11-20,19.037499999999998,19.1375,53.429837041666666,12.875,34.87083333333333,9.625,325.9583333333333,475.9166666666667,6.050583445833333,92.5,0.0,6.217046229166667,990.0780366666667,US,41.8781,-87.6298
Chicago,2025-11-21,15.9,15.966666666666667,61.84249491666667,18.583333333333332,25.025000000000002,5.3999999999999995,328.9166666666667,485.2916666666667,6.8422501166666665,86.25,0.0,7.589005183333334,987.3561804166667,US,41.8781,-87.6298
Chicago,2025-11-22,10.850000000000001,11.0875,50.637034666666665,34.5,26.9375,5.916666666666667,302.1666666666667,466.5,4.34016674875,79.91666666666667,0.0,8.283377025,987.4899083333333,US,41.8781,-87.6298
Chicago,2025-11-23,8.0125,8.375,37.61646445833333,39.75,20.258333333333333,4.7749999999999995,262.9583333333333,463.1666666666667,6.396416725000001,71.29166666666667,0.0,9.999040570833333,988.9059516666666,US,41.8781,-87.6298
Chicago,2025-11-24,17.166666666666668,17.920833333333334,53.844826041666664,20.958333333333332,42.72083333333333,8.729166666666666,349.9583333333333,480.5833333333333,4.540166605833334,74.875,0.0,9.1479368625,989.8026879166667,US,41.8781,-87.6298
Chicago,2025-11-25,15.15,15.1625,57.828385,15.75,36.32083333333333,11.566666666666668,349.375,481.0833333333333,8.325583254166666,91.5,0.17083333333333336,7.732636679166666,980.9238204166667,US,41.8781,-87.6298
Chicago,2025-11-26,5.629166666666666,5.666666666666667,46.372989708333336,52.583333333333336,11.137500000000001,2.404166666666667,224.08333333333334,454.2083333333333,2.89641653875,78.45833333333333,0.020833333333333332,30.356501270833334,978.8858183333333,US,41.8781,-87.6298
Chicago,2025-11-27,2.9125,3.1,33.31304108333333,72.33333333333333,4.3125,1.2333333333333334,167.95833333333334,446.4583333333333,-1.0702500129166668,65.79166666666667,0.0,23.689160583333333,991.5949183333333,US,41.8781,-87.6298
Chicago,2025-11-28,3.841666666666667,4.029166666666667,32.82747666666667,70.375,6.229166666666667,1.8375000000000001,177.16666666666666,447.0416666666667,-2.8244166833333337,65.375,0.0,16.1848948125,996.9823137499999,US,41.8781,-87.6298
Chicago,2025-11-29,6.345833333333334,6.408333333333334,25.742090208333334,49.208333333333336,21.849999999999998,7.508333333333333,253.125,459.0,-2.220250045833333,79.625,0.57500000625,13.252451370833333,996.1895866666667,US,41.8781,-87.6298
Chicago,2025-11-30,3.7458333333333336,3.8166666666666664,27.162698958333333,61.916666666666664,12.583333333333334,3.775,191.5,450.25,-1.5431666945833333,87.75,0.4041666683333333,21.439381958333332,985.7454387500001,US,41.8781,-87.6298
Chicago,2025-12-01,11.3125,11.700000000000001,30.045469125,42.583333333333336,36.975,5.658333333333334,358.875,477.5416666666667,-5.7556667541666675,75.16666666666667,0.004166666666666667,7.758339291666666,998.2441266666666,US,41.8781,-87.6298
Chicago,2025-12-02,7.9125000000000005,8.104166666666666,48.606000625,50.125,22.120833333333334,5.745833333333334,276.6666666666667,458.7916666666667,-6.4056666416666665,87.41666666666667,0.0625,9.674714979166668,986.6421854166666,US,41.8781,-87.6298
Chicago,2025-12-03,8.866666666666667,8.975,29.749158166666664,56.25,18.529166666666665,3.608333333333333,245.0,455.3333333333333,-5.2660833375000005,86.08333333333333,0.020833333333333332,16.054548666666665,985.5856758333333,US,41.8781,-87.6298
Chicago,2025-12-04,5.8374999999999995,6.083333333333333,34.422087375,65.66666666666667,13.433333333333332,3.233333333333333,247.625,458.4583333333333,-8.707750129166667,69.79166666666667,0.0,12.697799154166667,994.9974141666667,US,41.8781,-87.6298
Chicago,2025-12-05,17.837500000000002,18.51666666666667,48.988277958333335,46.458333333333336,35.24583333333333,5.320833333333334,328.2916666666667,467.1666666666667,-9.755666858333333,65.54166666666667,0.0,11.7227772125,987.0322687500001,US,41.8781,-87.6298
Chicago,2025-12-06,13.208333333333334,13.450000000000001,60.11303158333333,53.708333333333336,18.195833333333333,4.016666666666667,244.375,458.0,-2.4119166970833334,75.95833333333333,0.0,10.176498916666667,981.69689125,US,41.8781,-87.6298
Chicago,2025-12-07,17.0,17.216666666666665,60.810432416666664,43.333333333333336,29.4375,5.504166666666666,279.4166666666667,464.875,-1.84316667775,86.33333333333333,0.39166666833333336,11.702633329166666,988.2343645833333,US,41.8781,-87.6298
Chicago,2025-12-08,8.825000000000001,9.004166666666666,35.83427829166667,61.0,23.741666666666664,3.783333333333333,244.5,455.875,-5.159833241666667,66.16666666666667,0.0,11.4497252875,996.8004487500001,US,41.8781,-87.6298
Chicago,2025-12-09,14.633333333333333,15.133333333333333,51.31452158333334,47.708333333333336,23.420833333333334,4.029166666666667,290.625,458.875,-3.5077499445833333,78.29166666666667,0.008333333333333333,16.694840312500002,982.7826954166667,US,41.8781,-87.6298
Chicago,2025-12-10,10.604166666666666,10.762500000000001,56.63322016666667,53.041666666666664,14.516666666666666,2.25,219.79166666666666,453.5833333333333,0.6026666471666667,82.75,0.16666666666666666,21.31196170833333,969.4146220833333,US,41.8781,-87.6298
Chicago,2025-12-11,4.625,4.691666666666666,32.471605333333336,66.66666666666667,14.429166666666667,3.795833333333333,246.16666666666666,460.5416666666667,-5.0889999291666665,65.95833333333333,0.0,10.3273193125,985.2798358333333,US,41.8781,-87.6298
Chicago,2025-12-12,18.916666666666668,19.204166666666666,46.215117,33.625,39.829166666666666,15.691666666666668,405.875,505.9583333333333,-5.509833325,69.54166666666667,0.0,7.052734066666667,988.4672279166666,US,41.8781,-87.6298
Chicago,2025-12-13,7.316666666666666,7.625,52.15884275,54.958333333333336,13.5625,3.154166666666667,224.5,455.4166666666667,-8.774416924999999,71.58333333333333,0.0,15.940663854166667,990.2233270833334,US,41.8781,-87.6298
Chicago,2025-12-14,7.770833333333333,8.8125,31.361312208333334,66.83333333333333,10.195833333333333,2.533333333333333,209.70833333333334,452.4166666666667,-15.847333520833333,67.5,0.0,14.8667474375,1000.7496012500001,US,41.8781,-87.6298
Chicago,2025-12-15,7.554166666666667,7.791666666666667,32.518809583333336,49.125,21.795833333333334,4.479166666666667,244.5,457.0,-12.934833545833333,70.25,0.0,14.747204000000002,995.8513141666667,US,41.8781,-87.6298
Chicago,2025-12-16,16.0625,16.520833333333332,48.453108750000006,27.375,36.483333333333334,6.508333333333333,314.2083333333333,476.6666666666667,-5.02441676625,75.375,0.0,11.136673854166666,984.4543466666668,US,41.8781,-87.6298
Chicago,2025-12-17,13.270833333333334,13.5875,55.32986116666667,44.375,21.070833333333333,4.408333333333333,267.125,468.375,1.5901666499999998,80.125,0.0,12.136445291666668,981.8664570833333,US,41.8781,-87.6298
Chicago,2025-12-18,17.1375,17.445833333333333,62.420582208333336,47.958333333333336,18.150000000000002,5.279166666666667,239.16666666666666,460.2916666666667,4.710999913333334,86.20833333333333,0.12916666666666668,19.65193245,973.3267283333333,US,41.8781,-87.6298
Chicago,2025-12-19,4.208333333333333,4.429166666666666,36.855545625,62.125,7.925,2.2291666666666665,186.08333333333334,449.9166666666667,-7.399416854166667,69.625,0.0,24.579594625,976.30442875,US,41.8781,-87.6298
Chicago,2025-12-20,4.608333333333333,4.854166666666667,22.584886166666667,46.5,19.391666666666666,4.495833333333334,212.20833333333334,456.4166666666667,-1.8348333341666665,66.625,0.0,16.520779595833332,980.7211175000001,US,41.8781,-87.6298
Chicago,2025-12-21,8.2125,8.629166666666666,29.72509254166667,63.0,16.995833333333334,5.0125,217.70833333333334,457.6666666666667,-3.02233333375,56.291666666666664,0.0,11.5215373375,995.3363408333333,US,41.8781,-87.6298
Chicago,2025-12-22,6.766666666666667,7.041666666666667,36.959634083333334,34.708333333333336,30.370833333333334,7.779166666666666,244.5,463.7916666666667,0.8047500183333334,58.75,0.0,8.130851816666667,996.4776145833333,US,41.8781,-87.6298
Chicago,2025-12-23,14.8375,15.0875,39.327303375,19.416666666666668,28.270833333333332,6.520833333333333,285.3333333333333,474.7916666666667,5.371416616666667,71.08333333333333,0.0,8.475187829166666,987.1570833333334,US,41.8781,-87.6298
Chicago,2025-12-24,13.970833333333333,14.0875,57.992758333333335,27.708333333333332,26.241666666666664,3.845833333333333,279.125,468.5,2.9172499700000003,79.79166666666667,0.0,8.870244020833333,993.7920979166666,US,41.8781,-87.6298
Chicago,2025-12-25,12.179166666666667,12.208333333333334,53.607419625,26.875,24.90416666666667,4.666666666666667,305.25,477.3333333333333,3.913083325,89.875,0.016666666666666666,10.2964797625,989.3325154166668,US,41.8781,-87.6298
Chicago,2025-12-26,8.8125,8.845833333333333,40.95193525,24.25,18.995833333333334,4.829166666666667,286.7916666666667,475.1666666666667,4.892250008333334,87.04166666666667,0.004166666666666667,14.714748575,979.7412966666667,US,41.8781,-87.6298
Chicago,2025-12-27,17.008333333333333,17.129166666666666,53.615284124999995,15.208333333333334,24.433333333333334,6.445833333333333,323.9583333333333,480.5833333333333,3.2818332916666666,93.0,0.0,8.6724996625,984.8851541666667,US,41.8781,-87.6298
Chicago,2025-12-28,10.308333333333334,10.358333333333333,52.270458,17.125,25.525000000000002,5.529166666666666,325.9166666666667,495.0833333333333,7.598499966666666,95.41666666666667,0.6833333291666667,13.103949404166668,974.6708091666666,US,41.8781,-87.6298
Chicago,2025-12-29,3.0625,3.1458333333333335,30.629069791666666,51.666666666666664,10.066666666666666,2.066666666666667,214.875,455.6666666666667,-4.47858335,80.95833333333333,0.10833333333333334,31.552856083333335,977.9417541666667,US,41.8781,-87.6298
Chicago,2025-12-30,6.770833333333333,7.8125,32.588318875,67.95833333333333,10.700000000000001,3.045833333333333,187.83333333333334,451.125,-9.397333608333334,72.75,0.0,15.686921625000002,991.41511875,US,41.8781,-87.6298
Chicago,2025-12-31,10.1,10.7875,42.70254754166667,55.125,17.55,3.1875,227.33333333333334,457.1666666666667,-2.4994166552499997,88.0,0.15,13.794623758333332,982.5174983333333,US,41.8781,-87.6298
Chicago,2026-01-01,4.9,5.629166666666666,31.895422083333333,63.375,13.9625,3.9166666666666665,203.0,454.2083333333333,-8.3390002,74.33333333333333,0.04583333333333334,12.281967879166666,984.92203125,US,41.8781,-87.6298
Chicago,2026-01-02,9.4625,10.366666666666667,35.55641445833333,51.625,21.420833333333334,5.05,246.95833333333334,459.9583333333333,-7.680666925,65.33333333333333,0.0,8.732174970833332,982.6588641666667,US,41.8781,-87.6298
Chicago,2026-01-03,12.508333333333333,13.5625,40.23740579166667,45.375,33.32083333333333,5.445833333333333,291.1666666666667,470.2916666666667,-5.830666566666667,51.541666666666664,0.0,6.384857679166667,986.747665,US,41.8781,-87.6298
Chicago,2026-01-04,22.7625,24.295833333333334,62.82949345833333,40.25,33.225,7.245833333333334,308.875,473.7083333333333,-3.6223332816666662,57.833333333333336,0.0,6.665448866666666,989.6621579166667,US,41.8781,-87.6298
Chicago,2026-01-05,17.241666666666667,17.4875,66.83954066666666,28.833333333333332,24.358333333333334,7.245833333333334,281.875,466.2916666666667,1.0255833296666668,73.91666666666667,0.0,12.6566868125,981.4241679166666,US,41.8781,-87.6298
Cleveland,2025-11-07,4.166666666666667,4.241666666666666,29.6193755,65.625,15.216666666666667,4.633333333333334,280.75,453.9583333333333,9.8549164875,64.125,0.15,24.514768016666665,984.1376854166666,US,41.4993,-81.6944
Cleveland,2025-11-08,3.3541666666666665,3.4125,28.863249,58.458333333333336,6.4624999999999995,1.4833333333333334,206.16666666666666,449.25,9.196583066666667,82.95833333333333,0.004166666666666667,15.649372083333333,983.7003225,US,41.4993,-81.6944
Cleveland,2025-11-09,7.266666666666667,7.3625,27.684430333333335,46.708333333333336,11.274999999999999,2.1999999999999997,214.625,451.3333333333333,6.348666516666667,86.29166666666667,0.32083333333333336,17.461718458333333,985.2584695833334,US,41.4993,-81.6944
Cleveland,2025-11-10,1.3916666666666666,1.7208333333333332,33.3789535,73.95833333333333,2.7125,0.7916666666666666,141.91666666666666,440.9166666666667,1.7435000034583332,74.70833333333333,0.3541666666666667,28.681539875,990.5863483333333,US,41.4993,-81.6944
Cleveland,2025-11-11,2.7083333333333335,3.1625,32.733263083333334,68.91666666666667,4.058333333333334,1.2249999999999999,160.29166666666666,441.875,0.10799999183333332,68.04166666666667,0.016666666666666666,29.839488833333334,990.4463983333334,US,41.4993,-81.6944
Cleveland,2025-11-12,7.754166666666666,7.925,31.013648333333336,56.583333333333336,7.858333333333333,2.4291666666666667,194.83333333333334,446.0416666666667,3.9704999977916664,63.208333333333336,0.0,23.29490008333333,983.8371225000001,US,41.4993,-81.6944
Cleveland,2025-11-13,2.7916666666666665,2.9125,31.365258375,68.125,7.004166666666666,1.7750000000000001,200.29166666666666,446.0,6.8434168,59.833333333333336,0.0,24.75739954166667,992.2647108333334,US,41.4993,-81.6944
Cleveland,2025-11-14,6.858333333333333,7.075,26.26204208333333,45.625,16.704166666666666,3.1125000000000003,293.5,455.9166666666667,6.816333495833334,65.5,0.0,11.261537437500001,994.2121820833332,US,41.4993,-81.6944
Cleveland,2025-11-15,9.316666666666666,9.391666666666667,37.944878124999995,43.916666666666664,18.7375,4.3875,271.75,460.2916666666667,11.835083458333335,73.0,0.0,13.271355866666667,981.2632179166667,US,41.4993,-81.6944
Cleveland,2025-11-16,3.533333333333333,3.6791666666666667,34.26888891666667,70.20833333333333,4.5125,1.2166666666666666,180.54166666666666,448.25,8.7559167125,59.208333333333336,0.0,34.20505716666667,978.5970316666667,US,41.4993,-81.6944
Cleveland,2025-11-17,2.720833333333333,2.9375,36.29889383333333,78.875,2.9625,0.9541666666666666,165.04166666666666,442.2083333333333,4.785083258333334,48.041666666666664,0.0,30.401961958333334,989.1259429166666,US,41.4993,-81.6944
Cleveland,2025-11-18,4.633333333333334,4.733333333333333,24.576991458333335,43.083333333333336,21.633333333333336,3.420833333333333,335.0833333333333,460.0416666666667,1.7975832875000002,74.375,0.041666666666666664,7.5046238,993.6573420833333,US,41.4993,-81.6944
Cleveland,2025-11-19,13.554166666666667,13.758333333333333,38.98814658333333,37.166666666666664,16.991666666666667,9.495833333333334,360.5,462.75,4.943416575,78.70833333333333,0.0,6.1236398125,995.2003229166667,US,41.4993,-81.6944
Cleveland,2025-11-20,20.829166666666666,21.029166666666665,59.247563041666666,27.291666666666668,26.108333333333334,7.633333333333333,395.5833333333333,467.5833333333333,3.82883333125,82.70833333333333,0.0,5.666294016666666,995.8345783333333,US,41.4993,-81.6944
Cleveland,2025-11-21,10.4125,10.5,61.00108158333333,35.75,15.1625,5.970833333333334,288.875,465.2083333333333,7.680916825000001,86.08333333333333,0.0,8.689881091666667,991.37408625,US,41.4993,-81.6944
Cleveland,2025-11-22,3.9958333333333336,4.091666666666667,33.0028815,47.75,11.6,2.0500000000000003,258.625,458.9583333333333,6.835083270833334,79.29166666666667,0.05833333333333334,11.513839524166668,990.1748604166668,US,41.4993,-81.6944
Cleveland,2025-11-23,8.116666666666667,8.2875,25.337309125,46.875,13.266666666666666,2.3916666666666666,242.66666666666666,455.0,5.3100834125,75.66666666666667,0.0,16.078683433333335,991.4017129166667,US,41.4993,-81.6944
Cleveland,2025-11-24,3.7916666666666665,3.9583333333333335,24.793309375000003,45.875,16.025000000000002,2.966666666666667,290.0416666666667,460.9166666666667,6.13091674125,66.08333333333333,0.0,10.875858466666665,996.6990487500001,US,41.4993,-81.6944
Cleveland,2025-11-25,7.966666666666666,8.049999999999999,29.381809208333333,45.291666666666664,20.320833333333333,7.325,257.8333333333333,458.0416666666667,9.0309168625,66.79166666666667,0.14583333333333334,13.158846500000001,988.6386820833333,US,41.4993,-81.6944
Cleveland,2025-11-26,4.608333333333333,4.629166666666666,25.67536829166667,47.75,9.254166666666666,1.9541666666666666,222.41666666666666,456.5833333333333,8.164250295833334,81.58333333333333,0.0,20.700012633333333,983.4464066666666,US,41.4993,-81.6944
Cleveland,2025-11-27,2.1541666666666663,2.1999999999999997,31.832192000000003,70.25,3.1666666666666665,0.9208333333333334,176.54166666666666,445.75,0.11216666933333334,68.16666666666667,0.15833333500000002,34.879452416666666,990.4511983333333,US,41.4993,-81.6944
Cleveland,2025-11-28,1.3541666666666667,1.4000000000000001,35.45580145833333,77.54166666666667,3.391666666666667,1.0083333333333333,158.83333333333334,443.8333333333333,-0.45449999479166664,72.0,0.21250000416666667,37.39103025,995.8600204166668,US,41.4993,-81.6944
Cleveland,2025-11-29,2.783333333333333,2.845833333333333,36.67574904166667,77.41666666666667,5.770833333333333,2.120833333333333,181.58333333333334,445.9583333333333,0.07050001029166668,58.291666666666664,0.0,17.102499254166666,1004.3061704166666,US,41.4993,-81.6944
Cleveland,2025-11-30,5.491666666666667,5.575,30.571176291666664,63.5,8.674999999999999,4.529166666666667,190.625,448.4166666666667,0.9600833282083334,73.33333333333333,0.13749999999999998,24.24595175,992.0669129166666,US,41.4993,-81.6944
Cleveland,2025-12-01,1.8291666666666666,2.0625,34.54748283333333,77.625,4.766666666666667,1.6958333333333335,177.79166666666666,445.5833333333333,-0.9815833231666667,65.16666666666667,0.075,15.844584525,1002.6443820833333,US,41.4993,-81.6944
Cleveland,2025-12-02,5.979166666666667,6.104166666666667,29.26184625,63.083333333333336,10.4375,7.429166666666667,238.70833333333334,452.1666666666667,-1.4086666970416666,85.5,0.36250000208333333,7.534411491666667,990.1772920833333,US,41.4993,-81.6944
Cleveland,2025-12-03,2.891666666666667,2.9416666666666664,32.527926208333334,68.91666666666667,7.145833333333333,3.295833333333333,226.29166666666666,449.6666666666667,-2.5128333416666666,79.91666666666667,0.0,16.354431395833334,991.4969325000001,US,41.4993,-81.6944
Cleveland,2025-12-04,2.8541666666666665,3.016666666666667,33.320288,73.91666666666667,5.466666666666666,2.2416666666666667,189.16666666666666,446.4583333333333,-2.7690833991666666,70.79166666666667,0.03333333333333333,20.89328975,996.6437133333334,US,41.4993,-81.6944
Cleveland,2025-12-05,6.704166666666667,7.3500000000000005,33.25989454166667,69.54166666666667,10.262500000000001,5.533333333333334,247.20833333333334,450.875,-6.744083145833333,68.5,0.0,10.262451095833333,994.3508037500001,US,41.4993,-81.6944
Cleveland,2025-12-06,13.391666666666666,13.616666666666667,44.936807875,55.791666666666664,13.391666666666666,6.7625,235.04166666666666,452.4166666666667,-2.3315833878750003,74.875,0.0,12.439774570833334,987.0248104166667,US,41.4993,-81.6944
Cleveland,2025-12-07,10.6,10.770833333333334,47.915788541666664,58.0,9.508333333333333,2.858333333333333,242.79166666666666,452.125,-0.12949999450000002,80.25,0.07916666666666666,10.529118366666667,992.4769308333333,US,41.4993,-81.6944
Cleveland,2025-12-08,1.8875,2.2875,38.717464375,81.70833333333333,3.2708333333333335,1.2750000000000001,178.75,444.7916666666667,-2.983666733333333,52.75,0.0,20.41974475,1000.1010045833333,US,41.4993,-81.6944
Cleveland,2025-12-09,6.154166666666666,7.020833333333333,31.609944291666665,64.29166666666667,11.933333333333332,5.483333333333333,238.5,451.0833333333333,-5.810749966666667,54.583333333333336,0.016666666666666666,14.529248541666668,991.9679925,US,41.4993,-81.6944
Cleveland,2025-12-10,7.779166666666666,7.808333333333334,36.87376495833333,57.75,8.2875,3.4791666666666665,216.16666666666666,452.5416666666667,2.20799998375,79.79166666666667,0.4625000079166666,22.3661535,973.5682904166666,US,41.4993,-81.6944
Cleveland,2025-12-11,0.7833333333333333,0.8125,35.545656625,79.70833333333333,2.9166666666666665,1.0166666666666668,151.91666666666666,443.75,-2.3524167,63.541666666666664,0.029166666666666664,33.919190541666666,985.59782,US,41.4993,-81.6944
Cleveland,2025-12-12,3.0500000000000003,3.1916666666666664,33.873491875,70.79166666666667,6.1625000000000005,2.2416666666666667,169.875,445.25,-2.0836667041666668,61.583333333333336,0.0,14.313986458333334,993.30029,US,41.4993,-81.6944
Cleveland,2025-12-13,5.179166666666666,5.229166666666667,26.0314995,54.5,9.054166666666667,2.9499999999999997,224.41666666666666,451.375,-2.2607500291666667,75.375,0.07083333333333335,19.624501008333333,991.7519054166668,US,41.4993,-81.6944
Cleveland,2025-12-14,2.716666666666667,3.1041666666666665,33.948380291666666,74.54166666666667,3.6291666666666664,1.2416666666666667,167.70833333333334,444.5,-8.046166441666667,65.91666666666667,0.0625,34.185574583333334,998.8965758333334,US,41.4993,-81.6944
Cleveland,2025-12-15,4.079166666666667,4.145833333333333,30.486626166666667,64.04166666666667,8.262500000000001,2.8333333333333335,197.45833333333334,447.75,-9.177416508333334,69.79166666666667,0.03333333333333333,18.376482604166664,1002.5029091666667,US,41.4993,-81.6944
Cleveland,2025-12-16,11.504166666666668,11.6,37.30042354166667,57.25,13.375,4.6000000000000005,263.9583333333333,454.8333333333333,-5.475333145833333,54.083333333333336,0.0,13.826121375,992.6814625000001,US,41.4993,-81.6944
Cleveland,2025-12-17,10.575000000000001,11.25,44.36704375,54.416666666666664,10.829166666666666,3.525,234.54166666666666,455.125,3.382999958333333,63.958333333333336,0.0,16.90396625,987.8027679166667,US,41.4993,-81.6944
Cleveland,2025-12-18,22.09583333333333,22.704166666666666,66.35539808333333,54.583333333333336,18.470833333333335,5.3125,265.9166666666667,459.2083333333333,5.772583520541667,63.25,0.0,17.2896986375,987.5901320833333,US,41.4993,-81.6944
Cleveland,2025-12-19,3.533333333333333,3.908333333333333,41.13159766666667,65.75,5.2749999999999995,2.3583333333333334,178.79166666666666,448.125,1.9725834183333333,76.625,0.5458333333333333,31.765455791666668,976.3475637500001,US,41.4993,-81.6944
Cleveland,2025-12-20,4.829166666666667,4.954166666666667,28.044313708333334,59.541666666666664,9.875,3.283333333333333,206.875,449.9166666666667,-3.533666742083333,64.41666666666667,0.008333333333333333,20.563088333333333,990.1056458333334,US,41.4993,-81.6944
Cleveland,2025-12-21,7.816666666666666,8.108333333333333,29.728084041666666,65.45833333333333,6.641666666666667,2.2791666666666663,183.70833333333334,448.125,-0.11908337499999995,62.25,0.0,24.919564625000003,996.1746229166666,US,41.4993,-81.6944
Cleveland,2025-12-22,9.700000000000001,10.291666666666666,37.3538795,49.25,18.083333333333332,3.141666666666667,252.91666666666666,455.7083333333333,-1.708666775,66.58333333333333,0.037500001666666664,9.728674408333333,1006.0526895833333,US,41.4993,-81.6944
Cleveland,2025-12-23,14.237499999999999,15.483333333333334,46.98352179166667,44.875,13.233333333333334,5.75,233.45833333333334,456.0833333333333,5.010083341666667,76.79166666666667,0.029166666666666664,13.7991649375,993.1355858333333,US,41.4993,-81.6944
Cleveland,2025-12-24,12.929166666666667,13.112499999999999,60.38896270833334,40.458333333333336,12.891666666666667,2.0166666666666666,250.25,459.7916666666667,3.0517499337500005,81.70833333333333,0.0,10.437032608333334,998.7856179166666,US,41.4993,-81.6944
Cleveland,2025-12-25,14.5375,14.720833333333333,52.60047216666666,33.0,20.0,3.6958333333333333,287.0416666666667,463.6666666666667,2.5684166433333333,81.83333333333333,0.0,12.358647204166667,994.4844783333333,US,41.4993,-81.6944
Cleveland,2025-12-26,4.9875,5.079166666666667,34.937307708333336,47.416666666666664,13.25,4.145833333333333,239.5,460.0833333333333,1.0892499955416666,78.75,0.10000000166666667,14.079645458333333,987.68119375,US,41.4993,-81.6944
Cleveland,2025-12-27,4.258333333333334,4.279166666666667,22.85259125,43.5,13.279166666666667,3.4125,241.25,456.9166666666667,0.48508333737500003,88.41666666666667,0.0,14.540191341666668,990.2125154166666,US,41.4993,-81.6944
Cleveland,2025-12-28,9.029166666666667,9.116666666666667,26.688065249999998,32.791666666666664,17.925,8.6375,290.75,465.9583333333333,4.951750044583333,90.20833333333333,0.049999999999999996,15.827549791666668,986.1808566666667,US,41.4993,-81.6944
Cleveland,2025-12-29,3.8958333333333335,4.004166666666666,31.9482975,54.833333333333336,5.529166666666666,1.675,194.70833333333334,454.375,3.9392499033333332,77.54166666666667,0.18333333500000001,36.230829875000005,974.7481575,US,41.4993,-81.6944
Cleveland,2025-12-30,1.0458333333333334,1.1041666666666667,35.83748729166667,79.625,3.0625,1.05,157.41666666666666,444.6666666666667,-4.948250045833333,70.79166666666667,0.03333333333333333,36.735528333333335,989.5916675,US,41.4993,-81.6944
Cleveland,2025-12-31,3.6374999999999997,3.9,30.911795791666666,63.416666666666664,6.816666666666666,2.0833333333333335,204.91666666666666,448.5833333333333,-4.7711667,79.75,0.075,20.298993291666665,985.1675791666667,US,41.4993,-81.6944
Cleveland,2026-01-01,2.1416666666666666,2.6374999999999997,34.235852333333334,77.20833333333333,3.9375,1.5833333333333333,177.16666666666666,445.375,-7.0003332333333335,70.54166666666667,0.21249999583333334,26.824069583333337,986.3362516666666,US,41.4993,-81.6944
Cleveland,2026-01-02,4.033333333333333,4.2875000000000005,34.47742625,74.0,6.170833333333333,1.9833333333333334,196.95833333333334,447.5833333333333,-5.785750008333333,73.16666666666667,0.0375,20.554949750000002,985.2238979166667,US,41.4993,-81.6944
Cleveland,2026-01-03,5.045833333333333,5.404166666666666,34.92433941666666,74.5,8.9375,2.5458333333333334,203.625,450.3333333333333,-5.9232500375,71.5,0.0,13.205993708333333,989.767265,US,41.4993,-81.6944
Cleveland,2026-01-04,3.7541666666666664,3.8833333333333333,33.612592166666666,72.625,8.983333333333333,2.841666666666667,196.0,449.0,-3.494083391666667,76.75,0.0,11.4137537375,993.8143683333333,US,41.4993,-81.6944
Cleveland,2026-01-05,11.120833333333332,11.308333333333332,32.45006825,56.583333333333336,15.870833333333332,6.1000000000000005,259.4166666666667,455.25,0.20591659166666668,67.04166666666667,0.0,14.319564875,990.1982920833334,US,41.4993,-81.6944
Detroit,2025-11-07,3.8958333333333335,4.004166666666666,25.96761933333333,57.958333333333336,18.241666666666667,5.0625,240.45833333333334,450.5,8.891583333333333,68.04166666666667,0.3875,12.271367458333332,984.3851279166666,US,42.3314,-83.0458
Detroit,2025-11-08,4.291666666666667,4.316666666666666,24.029355749999997,47.0,14.445833333333333,3.4166666666666665,232.95833333333334,450.8333333333333,6.4645,65.54166666666667,0.008333333333333333,9.390629941666667,986.8315041666666,US,42.3314,-83.0458
Detroit,2025-11-09,6.8374999999999995,7.004166666666666,25.597474791666667,50.166666666666664,15.904166666666667,2.954166666666667,209.5,448.0833333333333,2.0040833775,87.20833333333333,0.32916666666666666,10.963282845833334,990.1165120833333,US,42.3314,-83.0458
Detroit,2025-11-10,3.5708333333333333,4.266666666666667,29.680722041666666,66.04166666666667,7.479166666666667,1.7458333333333333,170.70833333333334,442.8333333333333,-0.9601458358208332,75.54166666666667,0.1625,15.599188645833332,995.107395,US,42.3314,-83.0458
Detroit,2025-11-11,4.395833333333333,4.783333333333333,28.051561333333336,57.708333333333336,11.216666666666667,2.4791666666666665,223.375,446.5,-1.5046666666666668,70.29166666666667,0.0,15.944858354166668,992.3481275,US,42.3314,-83.0458
Detroit,2025-11-12,8.225,8.341666666666667,32.75551158333333,51.958333333333336,11.674999999999999,3.279166666666667,240.41666666666666,448.5416666666667,4.753666833333333,61.791666666666664,0.0,20.555411375000002,984.7111108333334,US,42.3314,-83.0458
Detroit,2025-11-13,3.9583333333333335,4.079166666666667,26.785445291666665,55.208333333333336,14.591666666666667,3.3125,269.125,450.125,5.0099168333333335,59.208333333333336,0.0,12.7674151375,994.2733737499999,US,42.3314,-83.0458
Detroit,2025-11-14,12.716666666666667,13.008333333333333,32.382893833333334,28.083333333333332,29.599999999999998,6.241666666666667,355.2083333333333,460.2083333333333,5.80158354,59.791666666666664,0.0,7.977026070833333,995.9384525,US,42.3314,-83.0458
Detroit,2025-11-15,18.358333333333334,18.554166666666667,65.66489491666667,26.25,32.49166666666667,7.658333333333334,421.4583333333333,473.7083333333333,10.195333375,79.79166666666667,0.0,11.02886485,981.994305,US,42.3314,-83.0458
Detroit,2025-11-16,3.141666666666667,3.2541666666666664,38.648878333333336,65.58333333333333,6.758333333333333,1.8333333333333333,196.20833333333334,448.9166666666667,7.862000125000001,51.666666666666664,0.0,19.56063920833333,981.7083975,US,42.3314,-83.0458
Detroit,2025-11-17,4.0375000000000005,4.116666666666666,29.761904541666667,62.333333333333336,11.716666666666667,2.5166666666666666,222.45833333333334,447.25,3.1911666658333337,49.666666666666664,0.0,12.840778208333333,991.91333,US,42.3314,-83.0458
Detroit,2025-11-18,12.75,12.987499999999999,39.96706329166667,15.333333333333334,48.699999999999996,5.895833333333333,429.3333333333333,469.7083333333333,0.3453333333333333,69.95833333333333,0.0,5.204794394583334,996.1489491666666,US,42.3314,-83.0458
Detroit,2025-11-19,10.916666666666666,11.041666666666666,46.52974891666667,35.458333333333336,26.129166666666666,4.1625000000000005,256.9583333333333,450.7083333333333,3.9953333333333334,70.875,0.0,7.8999506833333335,998.8036695833333,US,42.3314,-83.0458
Detroit,2025-11-20,27.075,27.349999999999998,65.36422895833333,8.208333333333334,46.041666666666664,7.991666666666667,417.7083333333333,467.8333333333333,3.2099166616666666,77.125,0.0,5.81036569875,998.3623375000001,US,42.3314,-83.0458
Detroit,2025-11-21,9.691666666666666,9.733333333333333,64.518028625,22.375,20.5,4.958333333333333,340.2083333333333,467.2916666666667,8.462000166666668,78.875,0.0,11.309915683333335,993.1461325,US,42.3314,-83.0458
Detroit,2025-11-22,6.866666666666667,6.979166666666667,32.113715625,37.791666666666664,22.47083333333333,4.4125000000000005,337.9166666666667,459.75,4.574499998333334,64.875,0.0,8.412013575,993.3156304166667,US,42.3314,-83.0458
Detroit,2025-11-23,7.104166666666667,7.2749999999999995,29.819867791666667,41.875,19.150000000000002,3.9791666666666665,273.375,454.6666666666667,6.212,64.0,0.0,13.352762583333332,993.1269900000001,US,42.3314,-83.0458
Detroit,2025-11-24,8.895833333333334,9.158333333333333,29.301940166666668,24.958333333333332,30.15416666666667,5.7124999999999995,332.1666666666667,466.125,3.5474168333333336,69.91666666666667,0.0,7.9848212375,998.7463283333333,US,42.3314,-83.0458
Detroit,2025-11-25,13.408333333333333,13.483333333333334,47.91043108333333,15.625,38.92916666666667,8.1875,309.4583333333333,460.6666666666667,7.36825,79.29166666666667,0.125,6.305491604166666,990.0649908333334,US,42.3314,-83.0458
Detroit,2025-11-26,5.7250000000000005,5.75,43.296869625,37.625,14.095833333333333,4.2250000000000005,293.8333333333333,458.5,6.978666958333334,81.79166666666667,0.004166666666666667,22.275133695833333,983.6336133333333,US,42.3314,-83.0458
Detroit,2025-11-27,1.8875,1.925,30.844155416666666,68.375,5.304166666666666,1.3875,190.75,446.0833333333333,0.8015833279166666,67.08333333333333,0.0,26.950884375,991.1920258333333,US,42.3314,-83.0458
Detroit,2025-11-28,2.275,2.3291666666666666,33.13910633333334,72.58333333333333,6.6875,1.7958333333333334,183.54166666666666,445.4583333333333,-1.2942500016666667,64.54166666666667,0.0,19.672946666666665,998.3254433333333,US,42.3314,-83.0458
Detroit,2025-11-29,4.341666666666667,4.416666666666667,30.10010779166667,61.416666666666664,15.404166666666667,3.8375,213.04166666666666,448.4166666666667,-1.5755000022916665,57.291666666666664,0.004166666666666667,9.137563233333333,1006.5932891666666,US,42.3314,-83.0458
Detroit,2025-11-30,6.108333333333333,6.179166666666667,27.807466875,60.625,11.237499999999999,4.566666666666666,209.66666666666666,449.0416666666667,0.18491666354166666,87.20833333333333,0.4583333333333333,22.157446500000002,992.5464141666666,US,42.3314,-83.0458
Detroit,2025-12-01,8.495833333333334,9.0125,30.055473958333334,55.75,25.2375,4.845833333333333,271.5833333333333,454.7916666666667,-3.3880000008333333,72.66666666666667,0.004166666666666667,6.875337119583333,1005.537755,US,42.3314,-83.0458
Detroit,2025-12-02,17.5,18.408333333333335,52.975691291666664,32.791666666666664,45.229166666666664,5.95,287.75,457.7916666666667,-2.4463333333333335,82.58333333333333,0.03333333333333333,5.869091241666666,993.7488945833334,US,42.3314,-83.0458
Detroit,2025-12-03,6.166666666666667,6.2124999999999995,48.98845333333333,53.291666666666664,18.870833333333334,3.658333333333333,297.0416666666667,453.0,-4.56925,85.04166666666667,0.012499999999999999,15.996867541666667,992.8895733333334,US,42.3314,-83.0458
Detroit,2025-12-04,5.591666666666666,5.7625,30.143591166666667,64.625,13.15,2.7083333333333335,251.66666666666666,451.4166666666667,-4.7505,68.08333333333333,0.05416666666666667,12.393033033333333,999.5382475,US,42.3314,-83.0458
Detroit,2025-12-05,23.8125,25.099999999999998,57.78892470833333,30.875,43.912499999999994,7.529166666666666,452.375,466.1666666666667,-9.192166541666667,71.83333333333333,0.0,8.903076579166667,996.30320625,US,42.3314,-83.0458
Detroit,2025-12-06,14.066666666666668,14.325000000000001,64.11901437499999,59.833333333333336,15.5,4.920833333333333,268.7916666666667,452.5,-1.1213333366666667,69.0,0.0,16.417678499999997,988.377755,US,42.3314,-83.0458
Detroit,2025-12-07,12.9375,13.108333333333334,51.43932470833334,35.833333333333336,35.375,5.233333333333333,353.0,462.8333333333333,-1.554666669375,74.83333333333333,0.05833333333333333,7.0631755625,995.0941858333334,US,42.3314,-83.0458
Detroit,2025-12-08,7.1375,7.6375,37.34292683333333,57.791666666666664,20.166666666666668,3.2083333333333335,223.375,449.9583333333333,-7.452583,61.5,0.0,7.5355334375,1003.9387370833333,US,42.3314,-83.0458
Detroit,2025-12-09,11.200000000000001,11.924999999999999,42.26260966666667,45.25,28.583333333333332,5.541666666666667,269.9583333333333,452.4583333333333,-5.708833166666667,67.70833333333333,0.05833333333333334,15.8921355625,992.6702383333333,US,42.3314,-83.0458
Detroit,2025-12-10,9.924999999999999,9.995833333333334,49.31352775,52.416666666666664,13.420833333333334,3.0208333333333335,257.625,454.0,1.3849166658333332,86.79166666666667,0.5541666708333334,18.857865108333332,974.5335229166667,US,42.3314,-83.0458
Detroit,2025-12-11,2.2125,2.245833333333333,34.958980875,74.08333333333333,8.025,1.8875,190.66666666666666,447.1666666666667,-3.8463333333333334,65.33333333333333,0.0,17.629592166666665,988.57771,US,42.3314,-83.0458
Detroit,2025-12-12,8.1875,8.625,28.456197625,51.916666666666664,21.625,3.795833333333333,284.0416666666667,459.75,-3.2275833333333335,69.20833333333333,0.0,8.665419391666667,995.8455333333333,US,42.3314,-83.0458
Detroit,2025-12-13,5.733333333333333,5.816666666666666,33.445943625,55.416666666666664,11.970833333333333,3.4166666666666665,240.83333333333334,451.1666666666667,-3.0900833349999997,70.08333333333333,0.0,17.882396458333336,993.5309670833334,US,42.3314,-83.0458
Detroit,2025-12-14,4.766666666666667,5.4375,31.378034041666666,67.41666666666667,8.483333333333333,1.9916666666666665,197.29166666666666,448.1666666666667,-10.394249625,62.791666666666664,0.0,17.690252270833334,1002.5022129166667,US,42.3314,-83.0458
Detroit,2025-12-15,6.095833333333334,6.175,25.325580583333334,51.958333333333336,17.608333333333334,4.354166666666667,266.8333333333333,453.4583333333333,-8.885916458333332,71.20833333333333,0.012499999999999999,13.446692050000001,1004.09854,US,42.3314,-83.0458
Detroit,2025-12-16,12.683333333333332,12.745833333333335,40.38804245833333,42.541666666666664,21.283333333333335,6.55,310.25,455.875,-4.571333251041667,64.95833333333333,0.0,13.872026333333332,994.0466808333334,US,42.3314,-83.0458
Detroit,2025-12-17,11.075000000000001,11.2875,45.69276475,51.5,14.683333333333332,4.3125,271.9583333333333,455.6666666666667,3.0120000004166667,67.83333333333333,0.0,18.461583,988.2735524999999,US,42.3314,-83.0458
Detroit,2025-12-18,21.029166666666665,21.229166666666668,63.588670125,41.083333333333336,24.816666666666666,6.354166666666667,275.375,457.2916666666667,3.7328335395833334,75.625,0.0375,14.984268129166667,987.2734541666667,US,42.3314,-83.0458
Detroit,2025-12-19,2.620833333333333,2.6875,42.03500533333334,61.625,7.470833333333334,2.2375000000000003,190.375,448.1666666666667,0.3432500825,78.75,0.22500000583333332,26.79621333333333,977.2658129166666,US,42.3314,-83.0458
Detroit,2025-12-20,5.25,5.416666666666667,26.36295975,52.708333333333336,15.745833333333332,4.791666666666667,213.0,449.875,-2.7275833333333335,70.83333333333333,0.0,19.689745374999998,990.5836054166666,US,42.3314,-83.0458
Detroit,2025-12-21,8.1875,8.487499999999999,28.42107233333333,62.041666666666664,10.429166666666667,2.8666666666666667,215.04166666666666,449.7083333333333,-2.0338333333333334,53.916666666666664,0.0,18.244333208333334,998.4780295833334,US,42.3314,-83.0458
Detroit,2025-12-22,13.345833333333333,14.008333333333333,46.08814808333333,29.583333333333332,33.229166666666664,6.129166666666666,353.625,460.9166666666667,-3.233833333333333,75.625,0.05000000000000001,8.766600645833334,1007.3892470833333,US,42.3314,-83.0458
Detroit,2025-12-23,17.533333333333335,19.1125,55.639037124999994,33.25,22.558333333333334,8.075000000000001,275.125,458.0,4.09116675,79.58333333333333,0.0,9.514745541666667,994.64499625,US,42.3314,-83.0458
Detroit,2025-12-24,13.283333333333333,13.408333333333333,62.979464625,31.125,21.5125,4.683333333333334,248.375,459.7916666666667,1.516166665,76.95833333333333,0.0,7.618291991666666,1001.6519491666667,US,42.3314,-83.0458
Detroit,2025-12-25,12.979166666666666,13.058333333333332,53.54905516666667,27.166666666666668,28.099999999999998,4.758333333333334,272.75,463.5,1.6744999966666667,78.375,0.0,11.026430445833334,997.6299358333334,US,42.3314,-83.0458
Detroit,2025-12-26,5.3500000000000005,5.391666666666667,31.642591291666665,42.583333333333336,20.170833333333334,5.383333333333333,225.375,455.6666666666667,-0.04008333624999998,83.75,0.2333333375,11.789904075,990.4504308333334,US,42.3314,-83.0458
Detroit,2025-12-27,6.5625,6.591666666666666,27.362557125,33.708333333333336,21.558333333333334,5.208333333333333,245.58333333333334,458.8333333333333,0.12033333145833335,89.45833333333333,0.0,8.0264056875,993.2620775,US,42.3314,-83.0458
Detroit,2025-12-28,9.0625,9.125,29.93272758333333,22.875,25.754166666666666,7.545833333333333,255.75,461.5833333333333,1.6453333297916668,94.95833333333333,0.5624999933333333,8.134951979166667,987.4656024999999,US,42.3314,-83.0458
Detroit,2025-12-29,2.908333333333333,2.9375,31.32787875,45.833333333333336,12.270833333333334,2.5875,230.29166666666666,457.1666666666667,3.068250125,78.25,0.08333333333333333,33.10874979166667,975.0368779166666,US,42.3314,-83.0458
Detroit,2025-12-30,1.5208333333333333,1.6208333333333333,36.0621505,79.0,4.570833333333334,1.5999999999999999,170.70833333333334,445.7083333333333,-5.865083333333334,64.79166666666667,0.0,23.578590416666668,992.2127366666667,US,42.3314,-83.0458
Detroit,2025-12-31,5.8,6.145833333333333,27.413805625,55.458333333333336,14.854166666666666,3.6374999999999997,256.5,451.9166666666667,-5.042166666666667,85.29166666666667,0.041666666666666664,15.543450374999999,986.7450183333334,US,42.3314,-83.0458
Detroit,2026-01-01,3.4958333333333336,4.004166666666666,31.795956750000002,70.95833333333333,9.504166666666666,2.4458333333333333,195.0,447.375,-8.825499875,71.95833333333333,0.08333333541666667,14.860297625000001,989.263345,US,42.3314,-83.0458
Detroit,2026-01-02,4.866666666666666,5.1875,32.206632125,69.95833333333333,11.854166666666666,2.9958333333333336,232.625,450.0416666666667,-7.0192499999999995,73.70833333333333,0.04583333333333334,11.969509625,987.46459625,US,42.3314,-83.0458
Detroit,2026-01-03,9.737499999999999,10.4625,31.7589395,59.375,21.154166666666665,3.7624999999999997,312.5,460.5833333333333,-7.204666499999999,76.0,0.0,8.25086145,992.4022020833332,US,42.3314,-83.0458
Detroit,2026-01-04,8.516666666666667,8.866666666666667,42.60054941666667,59.0,20.783333333333335,3.8333333333333335,281.625,455.5,-4.167166666666667,77.20833333333333,0.0,7.749951941666667,996.4580295833333,US,42.3314,-83.0458
Detroit,2026-01-05,15.858333333333334,16.091666666666665,44.836932166666664,40.958333333333336,26.104166666666668,6.920833333333333,312.7083333333333,456.375,-0.21924999999999997,74.0,0.0,11.787327554166666,991.5584145833333,US,42.3314,-83.0458
Houston,2025-11-07,8.870833333333334,11.200000000000001,50.377961,75.375,15.525,3.2458333333333336,193.33333333333334,451.4166666666667,22.355000458333333,79.5,0.0,8.646679233333334,1008.7856216666668,US,29.7604,-95.3698
Houston,2025-11-08,8.512500000000001,10.495833333333334,34.618131125,64.41666666666667,14.4375,3.8333333333333335,187.70833333333334,452.4166666666667,23.523750375000002,79.29166666666667,0.0,6.431283229166667,1006.9160170833334,US,29.7604,-95.3698
Houston,2025-11-09,8.133333333333333,9.083333333333334,41.318047291666666,55.916666666666664,18.229166666666668,3.391666666666667,301.125,467.875,21.130000291666665,58.166666666666664,0.0,13.468203241666666,1015.514705,US,29.7604,-95.3698
Houston,2025-11-10,2.1083333333333334,2.1333333333333333,31.4891575,66.5,7.933333333333334,3.125,169.83333333333334,446.125,11.761458458333335,36.625,0.0,14.195471166666666,1029.3496750000002,US,29.7604,-95.3698
Houston,2025-11-11,14.204166666666666,14.924999999999999,41.964391875,42.458333333333336,35.645833333333336,4.2124999999999995,332.125,466.7916666666667,10.832583520833333,64.875,0.0,6.825711807083334,1026.5890991666668,US,29.7604,-95.3698
Houston,2025-11-12,6.245833333333334,8.041666666666666,40.109465291666666,74.375,11.533333333333333,2.5,198.20833333333334,450.0833333333333,18.307583208333334,76.20833333333333,0.0,8.697141120833333,1019.18715125,US,29.7604,-95.3698
Houston,2025-11-13,8.112499999999999,10.375,32.00842225,60.875,17.020833333333332,2.504166666666667,220.04166666666666,454.8333333333333,20.609666333333333,81.75,0.0,7.340591008333334,1018.9150800000001,US,29.7604,-95.3698
Houston,2025-11-14,7.920833333333333,9.979166666666666,33.49344333333333,59.291666666666664,15.6875,2.6458333333333335,181.375,449.375,20.870082791666665,80.79166666666667,0.0,7.536454158333334,1017.55370125,US,29.7604,-95.3698
Houston,2025-11-15,6.808333333333334,8.637500000000001,30.886964250000002,62.666666666666664,13.75,3.1125000000000003,176.125,449.4583333333333,20.63466625,81.625,0.0,7.396388925,1013.9476270833334,US,29.7604,-95.3698
Houston,2025-11-16,6.8125,8.541666666666666,28.800602291666667,53.333333333333336,14.879166666666668,3.4499999999999997,176.45833333333334,449.6666666666667,22.063832958333332,84.04166666666667,0.0,7.401707633333333,1009.6690479166667,US,29.7604,-95.3698
Houston,2025-11-17,11.054166666666667,13.183333333333332,37.611060583333334,50.791666666666664,15.345833333333333,3.204166666666667,176.29166666666666,448.8333333333333,23.20966633333333,89.125,0.0,9.225123208333333,1009.69906875,US,29.7604,-95.3698
Houston,2025-11-18,9.758333333333333,12.112499999999999,39.293257708333336,58.833333333333336,13.845833333333333,3.358333333333333,164.95833333333334,447.4166666666667,23.165916208333332,86.20833333333333,0.0,7.103230179166666,1012.5711454166667,US,29.7604,-95.3698
Houston,2025-11-19,11.641666666666666,14.720833333333333,50.27871595833333,55.666666666666664,16.495833333333334,3.2708333333333335,187.79166666666666,450.0833333333333,23.88258295833333,91.125,0.0,7.578825591666667,1015.703035,US,29.7604,-95.3698
Houston,2025-11-20,8.683333333333334,11.491666666666667,41.760708083333334,62.458333333333336,14.1,3.2125,166.41666666666666,447.125,23.334666416666664,88.58333333333333,0.0,9.03054735,1014.626165,US,29.7604,-95.3698
Houston,2025-11-21,8.370833333333334,10.887500000000001,34.74754166666667,61.5,13.708333333333334,3.4458333333333333,184.25,450.5,23.924249583333335,87.95833333333333,0.0,9.331964904166666,1011.2968066666667,US,29.7604,-95.3698
Houston,2025-11-22,13.35,15.125,43.23282891666667,37.708333333333336,28.46666666666667,5.595833333333334,277.625,468.2916666666667,23.311749625,88.29166666666667,0.041666666666666664,6.701438145833333,1014.8755241666667,US,29.7604,-95.3698
Houston,2025-11-23,7.220833333333334,7.408333333333334,44.483211125,41.083333333333336,21.71666666666667,3.8874999999999997,244.29166666666666,474.25,18.122166541666665,79.875,0.0,7.3358179083333335,1017.7601016666667,US,29.7604,-95.3698
Houston,2025-11-24,9.975,12.408333333333333,37.6048915,61.5,12.987499999999999,2.7416666666666667,192.0,455.5,22.047166083333334,86.54166666666667,0.0,11.109328358333334,1011.7766470833334,US,29.7604,-95.3698
Houston,2025-11-25,9.516666666666667,10.975,34.62311845833333,55.833333333333336,18.033333333333335,4.75,199.91666666666666,455.1666666666667,22.784666375,78.66666666666667,0.15833333333333335,7.789053208333333,1010.6726125,US,29.7604,-95.3698
Houston,2025-11-26,7.800000000000001,7.979166666666667,44.43153220833333,48.833333333333336,25.383333333333336,3.9291666666666667,245.58333333333334,465.625,17.245082916666664,73.75,0.0,11.2189399,1019.5861045833334,US,29.7604,-95.3698
Houston,2025-11-27,4.7875000000000005,4.841666666666667,28.312460791666666,59.958333333333336,16.366666666666667,3.6958333333333333,228.16666666666666,461.4583333333333,12.603416708333334,58.583333333333336,0.0,7.642326170833333,1024.87608625,US,29.7604,-95.3698
Houston,2025-11-28,6.970833333333334,7.5125,29.540879083333333,58.833333333333336,20.974999999999998,3.1833333333333336,261.875,464.875,12.1888335,63.791666666666664,0.0,9.778588608333333,1025.53331875,US,29.7604,-95.3698
Houston,2025-11-29,6.8,9.066666666666666,40.654471625,85.70833333333333,9.158333333333333,1.8916666666666666,153.625,447.75,17.47008320833333,77.16666666666667,0.0,11.506708125000001,1016.7486795833333,US,29.7604,-95.3698
Houston,2025-11-30,8.670833333333333,10.258333333333333,38.57607075,47.916666666666664,20.041666666666668,3.0,199.5,455.5,15.109666625000001,88.45833333333333,1.3458333333333332,13.114875595833333,1017.0654795833333,US,29.7604,-95.3698
Houston,2025-12-01,5.308333333333334,5.404166666666666,25.151227000000002,39.25,15.958333333333334,3.3666666666666667,213.79166666666666,455.5,7.99300015,90.375,0.22916667500000001,11.6776208875,1018.21469875,US,29.7604,-95.3698
Houston,2025-12-02,5.895833333333333,5.979166666666667,23.247122791666666,40.541666666666664,14.645833333333334,4.058333333333334,226.95833333333334,455.625,7.057583429166667,80.875,0.024999999999999998,14.393787804166665,1017.0091841666667,US,29.7604,-95.3698
Houston,2025-12-03,10.079166666666667,11.2875,33.490308166666665,37.166666666666664,26.412499999999998,2.9250000000000003,338.6666666666667,467.0833333333333,8.580500237499999,88.375,0.0,8.302652320833333,1015.1520491666666,US,29.7604,-95.3698
Houston,2025-12-04,6.841666666666668,7.645833333333333,37.337964,50.25,15.308333333333332,2.4791666666666665,225.33333333333334,460.1666666666667,11.330500375,95.04166666666667,0.15,12.650286370833333,1014.0204729166667,US,29.7604,-95.3698
Houston,2025-12-05,8.495833333333334,8.625,26.43446125,40.708333333333336,14.695833333333333,5.425,234.45833333333334,457.9583333333333,8.13883345,89.0,0.0,9.16834115,1017.2391170833333,US,29.7604,-95.3698
Houston,2025-12-06,25.8,26.325,63.60232395833333,19.708333333333332,37.55833333333333,10.775,437.7916666666667,498.0,11.988833416666665,88.16666666666667,0.0,5.056523204166667,1012.6707270833334,US,29.7604,-95.3698
Houston,2025-12-07,13.2875,14.366666666666667,62.55984075,38.958333333333336,25.974999999999998,4.4125000000000005,299.625,473.875,17.324249625,93.83333333333333,0.0,5.474491008333334,1009.6186575,US,29.7604,-95.3698
Houston,2025-12-08,9.141666666666667,9.345833333333333,49.258798541666664,39.416666666666664,12.770833333333334,4.133333333333334,252.75,459.9583333333333,11.324250208333332,81.45833333333333,0.0,14.333430845833334,1020.1223366666667,US,29.7604,-95.3698
Houston,2025-12-09,11.933333333333332,12.666666666666666,45.55483125,34.75,26.679166666666664,4.3625,344.0416666666667,475.75,10.12008335,80.20833333333333,0.0,4.916849445833333,1020.0782791666667,US,29.7604,-95.3698
Houston,2025-12-10,10.445833333333333,12.183333333333332,43.250143,52.041666666666664,21.870833333333334,3.966666666666667,264.4166666666667,467.0,14.074249791666666,83.54166666666667,0.0,6.8551075416666665,1013.0788529166666,US,29.7604,-95.3698
Houston,2025-12-11,8.033333333333333,8.379166666666666,41.14872745833333,43.958333333333336,22.537499999999998,4.1375,239.08333333333334,468.5833333333333,12.834666720833333,66.75,0.0,7.2864338375,1016.6973420833333,US,29.7604,-95.3698
Houston,2025-12-12,12.491666666666667,14.725,37.724600833333334,42.458333333333336,30.766666666666666,4.879166666666666,279.125,476.9583333333333,16.7784165,88.16666666666667,0.0,5.0576872125,1012.4986370833334,US,29.7604,-95.3698
Houston,2025-12-13,12.670833333333334,14.887500000000001,54.637264208333335,33.291666666666664,36.829166666666666,4.329166666666667,238.25,468.5416666666667,20.784666416666667,90.45833333333333,0.004166666666666667,5.949435966666666,1013.8450754166666,US,29.7604,-95.3698
Houston,2025-12-14,9.45,10.25,45.85562004166667,36.75,25.995833333333334,4.433333333333334,246.79166666666666,467.6666666666667,15.757583375000001,87.95833333333333,0.0,13.382466733333333,1021.1984020833333,US,29.7604,-95.3698
Houston,2025-12-15,3.6458333333333335,3.6958333333333333,29.627931500000003,57.333333333333336,14.541666666666666,5.454166666666667,202.08333333333334,454.8333333333333,4.8534167791666665,66.0,0.0,6.710438554166667,1028.8310416666666,US,29.7604,-95.3698
Houston,2025-12-16,15.0875,16.245833333333334,43.343435666666664,21.958333333333332,43.95416666666667,7.579166666666667,331.875,486.75,8.68466675,80.04166666666667,0.0,4.849094591666667,1020.6018920833334,US,29.7604,-95.3698
Houston,2025-12-17,9.379166666666666,11.933333333333332,46.165348208333334,61.041666666666664,19.2375,2.3541666666666665,203.75,457.5416666666667,16.50133320833333,92.41666666666667,0.024999999999999998,8.40676955,1014.22190125,US,29.7604,-95.3698
Houston,2025-12-18,10.554166666666667,12.295833333333334,40.692997,58.875,19.129166666666666,2.9791666666666665,219.58333333333334,460.75,19.042999666666667,90.54166666666667,0.0,9.202924679166665,1008.31059375,US,29.7604,-95.3698
Houston,2025-12-19,4.3625,4.470833333333333,33.609032541666664,59.708333333333336,16.391666666666666,4.0,200.83333333333334,460.8333333333333,13.107583391666665,51.916666666666664,0.0,8.419719275,1017.3564075,US,29.7604,-95.3698
Houston,2025-12-20,8.895833333333334,11.237499999999999,26.98119266666667,59.291666666666664,20.325,3.0500000000000003,232.625,462.2916666666667,15.536750208333332,78.33333333333333,0.0,9.02136632375,1014.2878629166667,US,29.7604,-95.3698
Houston,2025-12-21,11.125,13.758333333333333,42.394388916666664,42.416666666666664,19.337500000000002,3.6458333333333335,204.54166666666666,458.6666666666667,22.922166375,88.625,0.0,6.323035333333333,1015.00539625,US,29.7604,-95.3698
Houston,2025-12-22,14.608333333333334,16.3125,53.70219616666666,19.708333333333332,37.416666666666664,3.4458333333333333,336.7083333333333,486.4166666666667,22.88674958333333,89.16666666666667,0.008333333333333333,7.514021,1019.99771875,US,29.7604,-95.3698
Houston,2025-12-23,13.916666666666666,17.45,53.628101791666666,46.25,27.900000000000002,2.625,194.70833333333334,456.4166666666667,22.60758304166667,90.45833333333333,0.0,9.2736212,1020.8809816666667,US,29.7604,-95.3698
Houston,2025-12-24,13.799999999999999,17.95,53.94097233333333,59.833333333333336,21.391666666666666,2.9125,204.0,459.4583333333333,21.326333,92.79166666666667,0.15,6.110969504166667,1021.8683941666667,US,29.7604,-95.3698
Houston,2025-12-25,15.979166666666666,20.429166666666667,56.54107570833333,48.0,22.879166666666666,2.908333333333333,209.54166666666666,464.9583333333333,21.630499666666665,90.91666666666667,0.0,6.006555420833333,1019.9378029166666,US,29.7604,-95.3698
Houston,2025-12-26,9.612499999999999,11.816666666666668,52.56207279166667,47.208333333333336,19.245833333333334,3.275,179.91666666666666,456.0416666666667,22.428416291666665,90.16666666666667,0.0,8.9234303625,1015.36314125,US,29.7604,-95.3698
Houston,2025-12-27,7.325,9.529166666666667,31.697287041666666,60.583333333333336,12.241666666666667,2.9625,160.04166666666666,452.0416666666667,21.876332958333332,88.04166666666667,0.0,8.317374845833333,1012.7148041666666,US,29.7604,-95.3698
Houston,2025-12-28,7.629166666666666,10.049999999999999,31.229254291666667,57.583333333333336,14.5875,2.8625000000000003,150.16666666666666,450.4583333333333,22.253416125,87.375,0.0,8.802729729166666,1011.6162233333333,US,29.7604,-95.3698
Houston,2025-12-29,5.320833333333334,5.875,33.3878275,51.875,18.116666666666667,3.5083333333333333,190.83333333333334,453.875,12.334666741666666,53.583333333333336,0.0,17.80051735,1021.8465954166667,US,29.7604,-95.3698
Houston,2025-12-30,4.8999999999999995,4.979166666666667,25.26379783333333,54.25,13.625,4.033333333333333,192.08333333333334,451.0833333333333,6.0305001166666665,51.375,0.0,12.247725229166667,1029.1743416666666,US,29.7604,-95.3698
Houston,2025-12-31,15.816666666666668,16.204166666666666,42.29419308333333,26.125,45.44166666666666,7.954166666666667,338.7916666666667,485.1666666666667,8.0180001125,59.375,0.0,4.132097675,1024.7106274999999,US,29.7604,-95.3698
Houston,2026-01-01,12.125,13.920833333333334,53.312081291666665,48.833333333333336,26.633333333333336,5.266666666666667,246.91666666666666,463.625,11.751333445833334,64.58333333333333,0.0,6.8042904875,1017.9013904166667,US,29.7604,-95.3698
Houston,2026-01-02,6.4875,7.679166666666667,40.51170716666667,66.79166666666667,11.845833333333333,3.0875,182.25,452.4166666666667,19.770082875,76.41666666666667,0.0,10.861931579166667,1008.51174875,US,29.7604,-95.3698
Houston,2026-01-03,5.3875,6.391666666666667,30.191300208333335,60.375,14.3375,3.9499999999999997,208.75,462.875,19.42008291666667,77.45833333333333,0.0,11.97568035,1007.2454795833333,US,29.7604,-95.3698
Houston,2026-01-04,12.904166666666667,13.083333333333334,38.951407375,49.5,14.883333333333333,4.091666666666667,215.0,464.8333333333333,14.092999958333332,83.83333333333333,0.0,7.1181805874999995,1016.0265133333334,US,29.7604,-95.3698
Houston,2026-01-05,16.108333333333334,17.845833333333335,56.13327529166667,49.708333333333336,23.508333333333336,3.3083333333333336,251.25,467.9583333333333,15.343000124999998,85.20833333333333,0.0,7.17026402,1014.0745149999999,US,29.7604,-95.3698
Los Angeles,2025-11-07,22.287499999999998,23.241666666666664,88.68897645833333,20.458333333333332,48.125,11.716666666666667,383.7083333333333,492.2083333333333,16.401250083333334,85.70833333333333,0.0,3.628369470833333,1004.2610962499999,US,34.0522,-118.2437
Los Angeles,2025-11-08,23.8875,24.96666666666667,74.95567479166667,18.916666666666668,55.95416666666667,12.920833333333334,494.5416666666667,512.9166666666666,17.382499916666667,85.79166666666667,0.0,3.44705004875,1001.79139625,US,34.0522,-118.2437
Los Angeles,2025-11-09,32.24583333333333,32.74166666666667,85.96077020833333,17.125,63.17916666666667,12.208333333333334,456.0416666666667,505.8333333333333,16.690833458333334,89.45833333333333,0.0,3.756022575,1005.82614625,US,34.0522,-118.2437
Los Angeles,2025-11-10,24.166666666666668,24.570833333333336,82.53878641666667,17.458333333333332,59.99583333333334,9.683333333333334,421.7916666666667,506.25,21.032125,57.708333333333336,0.0,4.7797139500000005,1008.0731170833333,US,34.0522,-118.2437
Los Angeles,2025-11-11,28.608333333333334,28.854166666666668,80.46247220833332,13.125,65.55,10.8125,573.375,534.1666666666666,17.429250375,79.54166666666667,0.0,4.7600550875,1007.1051233333333,US,34.0522,-118.2437
Los Angeles,2025-11-12,35.416666666666664,36.295833333333334,88.03117733333333,4.041666666666667,74.76666666666667,18.691666666666666,639.5,549.2083333333334,17.625083458333332,84.83333333333333,0.0,5.043551166666667,1006.4177608333333,US,34.0522,-118.2437
Los Angeles,2025-11-13,35.36666666666667,35.68333333333333,106.55771520833333,16.291666666666668,69.825,23.641666666666666,704.0,559.0416666666666,18.002167083333333,70.95833333333333,0.0,4.863699864583333,1006.08041,US,34.0522,-118.2437
Los Angeles,2025-11-14,17.395833333333332,17.783333333333335,81.60202833333334,26.166666666666668,50.050000000000004,13.25,278.5416666666667,470.4166666666667,17.693833625,78.54166666666667,0.21250000208333333,8.105903366666666,1004.6065075,US,34.0522,-118.2437
Los Angeles,2025-11-15,9.808333333333334,10.079166666666667,51.358585125,24.25,36.27916666666667,7.145833333333333,278.25,473.0,16.329250124999998,94.04166666666667,0.7541666666666668,8.247849908333334,1000.8133470833333,US,34.0522,-118.2437
Los Angeles,2025-11-16,9.133333333333333,10.091666666666667,36.07711191666667,42.791666666666664,35.516666666666666,7.820833333333333,222.125,458.5,14.51258375,88.75,0.8833333333333333,8.139331340833333,1002.6499554166667,US,34.0522,-118.2437
Los Angeles,2025-11-17,14.487499999999999,15.983333333333334,51.903702958333334,29.333333333333332,45.43333333333334,12.354166666666666,256.9583333333333,463.9583333333333,14.96883375,88.20833333333333,0.0,8.370651616666667,1003.1121562500001,US,34.0522,-118.2437
Los Angeles,2025-11-18,15.254166666666668,17.141666666666666,52.16209070833333,32.166666666666664,43.56666666666666,11.604166666666666,298.375,484.6666666666667,12.389667125,84.5,0.5124999916666667,6.9514264375,1001.8229929166667,US,34.0522,-118.2437
Los Angeles,2025-11-19,27.462500000000002,29.454166666666666,71.03095708333333,21.958333333333332,57.15833333333333,18.625,391.125,501.8333333333333,12.323000166666667,72.08333333333333,0.0,6.656613504166667,1005.5828358333333,US,34.0522,-118.2437
Los Angeles,2025-11-20,32.375,33.56666666666667,87.614511375,19.25,59.85,20.5625,387.2916666666667,495.375,12.450083666666666,75.58333333333333,0.020833333333333332,7.4903580666666665,1005.58412125,US,34.0522,-118.2437
Los Angeles,2025-11-21,6.904166666666666,7.841666666666668,65.44943491666668,53.083333333333336,23.412499999999998,6.108333333333333,189.79166666666666,451.9583333333333,13.268833625,83.25,0.9083333374999999,15.693107687500001,1001.5969287500001,US,34.0522,-118.2437
Los Angeles,2025-11-22,15.475,16.483333333333334,46.52850229166666,37.708333333333336,37.78333333333333,7.75,448.5833333333333,507.75,15.198000333333333,65.54166666666667,0.0,6.4255845166666665,1003.4951095833334,US,34.0522,-118.2437
Los Angeles,2025-11-23,22.099999999999998,22.7625,62.21668470833333,18.166666666666668,47.67083333333333,10.620833333333334,372.375,497.9583333333333,16.195916874999998,55.083333333333336,0.0,7.953965970833333,1005.0405649999999,US,34.0522,-118.2437
Los Angeles,2025-11-24,48.86666666666667,50.51666666666667,103.90890691666668,16.125,68.41666666666667,23.516666666666666,449.9583333333333,512.5,15.345917041666667,82.45833333333333,0.0,5.118784195833333,1008.7889454166667,US,34.0522,-118.2437
Los Angeles,2025-11-25,28.3875,29.025000000000002,108.13741316666666,16.75,55.604166666666664,11.795833333333334,423.1666666666667,506.9583333333333,15.895916999999999,67.625,0.0,6.938229354166666,1007.2199929166667,US,34.0522,-118.2437
Los Angeles,2025-11-26,21.070833333333333,21.395833333333332,75.960773,17.541666666666668,54.458333333333336,9.275,427.0,511.6666666666667,18.745916958333332,40.75,0.0,8.190017429166668,1006.7073925,US,34.0522,-118.2437
Los Angeles,2025-11-27,23.25,23.420833333333334,72.72347654166667,12.333333333333334,57.74166666666667,9.862499999999999,439.0833333333333,515.75,19.831333541666666,31.5,0.0,9.245674683333332,1006.3472754166668,US,34.0522,-118.2437
Los Angeles,2025-11-28,30.525000000000002,30.833333333333332,83.40019616666667,13.458333333333334,67.58333333333333,15.416666666666666,475.1666666666667,525.125,16.308417083333335,51.583333333333336,0.0,6.569793158333333,1005.401455,US,34.0522,-118.2437
Los Angeles,2025-11-29,43.574999999999996,44.583333333333336,103.614340375,13.0,83.6375,23.84166666666667,560.8333333333334,538.6666666666666,14.325083666666666,74.79166666666667,0.0,5.4870400875,1004.5650679166666,US,34.0522,-118.2437
Los Angeles,2025-11-30,44.54583333333333,45.475,118.58853766666668,10.666666666666666,77.75833333333334,22.125,742.8333333333334,569.1666666666666,13.466750208333332,84.08333333333333,0.0,5.050703075,1004.00673125,US,34.0522,-118.2437
Los Angeles,2025-12-01,38.38333333333333,38.9375,119.223086375,14.625,77.72500000000001,20.895833333333332,481.2916666666667,517.4583333333334,14.639667166666667,73.41666666666667,0.0,5.205890229166667,1004.8495770833333,US,34.0522,-118.2437
Los Angeles,2025-12-02,22.8875,23.0625,89.09303833333333,14.458333333333334,58.37083333333334,14.708333333333334,449.0833333333333,517.3333333333334,14.183416916666665,57.5,0.0,7.183718041666666,1005.4093508333334,US,34.0522,-118.2437
Los Angeles,2025-12-03,39.550000000000004,40.5,93.7688285,18.458333333333332,64.33333333333333,25.233333333333334,481.1666666666667,515.25,14.141750416666667,73.0,0.0,6.791601470833332,1004.1105712499999,US,34.0522,-118.2437
Los Angeles,2025-12-04,15.725000000000001,15.929166666666667,80.76636154166667,23.083333333333332,43.458333333333336,10.566666666666666,339.5416666666667,489.9166666666667,14.623000333333332,50.541666666666664,0.0,9.159263545833333,1008.8022058333332,US,34.0522,-118.2437
Los Angeles,2025-12-05,19.075,19.162499999999998,59.84744766666666,15.125,50.020833333333336,10.704166666666666,378.875,504.625,13.987583541666666,35.75,0.0,7.742996300000001,1007.8828516666667,US,34.0522,-118.2437
Los Angeles,2025-12-06,34.87916666666667,35.25,83.29750404166667,11.291666666666666,65.96249999999999,15.495833333333332,553.6666666666666,542.2916666666666,14.152167,41.291666666666664,0.0,6.242246237500001,1005.6011170833334,US,34.0522,-118.2437
Los Angeles,2025-12-07,35.833333333333336,36.645833333333336,99.96894404166666,11.25,64.49583333333334,15.9625,538.4166666666666,534.6666666666666,14.966750374999998,54.583333333333336,0.0,5.396272820833334,1007.1646879166666,US,34.0522,-118.2437
Los Angeles,2025-12-08,28.7375,28.849999999999998,95.31103220833334,13.5,59.51666666666667,11.983333333333334,642.6666666666666,558.625,16.308417,48.333333333333336,0.0,6.036190208333333,1008.8053858333333,US,34.0522,-118.2437
Los Angeles,2025-12-09,18.7375,18.779166666666665,71.52186816666666,15.375,54.81666666666666,10.691666666666668,371.0,510.375,19.37925025,33.833333333333336,0.0,8.222105833333332,1006.78841875,US,34.0522,-118.2437
Los Angeles,2025-12-10,23.125,23.175,69.90765229166666,14.625,60.05416666666667,11.174999999999999,445.625,525.2916666666666,18.916750291666666,35.0,0.0,8.816706395833334,1004.9036854166667,US,34.0522,-118.2437
Los Angeles,2025-12-11,29.53333333333333,29.6125,79.87034741666666,11.0,60.79583333333333,12.316666666666668,463.9166666666667,537.0,18.579250291666664,38.458333333333336,0.0,7.045619529166667,1004.84586875,US,34.0522,-118.2437
Los Angeles,2025-12-12,36.30833333333333,36.541666666666664,96.24229162500001,8.541666666666666,65.22083333333333,15.054166666666667,579.5833333333334,552.0,17.002167,57.708333333333336,0.0,5.118488683333333,1004.4301616666667,US,34.0522,-118.2437
Los Angeles,2025-12-13,38.916666666666664,39.104166666666664,103.963101375,8.291666666666666,65.3875,16.679166666666667,807.2916666666666,619.25,14.948000291666666,87.45833333333333,0.0,3.961639278333333,1004.8499383333333,US,34.0522,-118.2437
Los Angeles,2025-12-14,33.75833333333333,33.891666666666666,101.4461525,9.208333333333334,58.520833333333336,14.295833333333334,695.125,579.0833333333334,14.691750166666667,91.41666666666667,0.0,4.147677437916667,1005.9619270833333,US,34.0522,-118.2437
Los Angeles,2025-12-15,29.7375,30.016666666666666,93.30303683333334,9.833333333333334,56.1625,13.745833333333332,644.4583333333334,563.4583333333334,14.429250333333334,87.625,0.0,4.2662792875,1007.5630862500001,US,34.0522,-118.2437
Los Angeles,2025-12-16,30.545833333333334,31.162499999999998,86.32054995833333,9.291666666666666,56.36666666666667,12.020833333333334,479.125,541.625,13.691750416666666,81.91666666666667,0.0,4.081997054166666,1006.4874529166667,US,34.0522,-118.2437
Los Angeles,2025-12-17,38.47083333333333,39.112500000000004,100.97852083333333,7.708333333333333,60.42083333333333,15.174999999999999,1048.0833333333333,625.375,14.756333583333332,86.70833333333333,0.0,3.787071704166667,1005.9310566666667,US,34.0522,-118.2437
Los Angeles,2025-12-18,23.920833333333334,24.2625,89.08005666666666,10.458333333333334,49.34166666666667,10.762500000000001,390.2916666666667,501.2083333333333,16.210500291666666,65.5,0.0,5.809299562500001,1002.6777820833332,US,34.0522,-118.2437
Los Angeles,2025-12-19,32.354166666666664,32.6875,85.44399945833334,8.375,60.8375,13.6875,627.0,563.8333333333334,15.673000375,58.458333333333336,0.0,5.903086062500001,1003.67163625,US,34.0522,-118.2437
Los Angeles,2025-12-20,52.5875,53.11666666666667,118.905029125,8.291666666666666,83.00416666666666,24.916666666666668,601.75,554.7916666666666,14.848000333333333,85.20833333333333,0.0,4.3388363875,1005.41534,US,34.0522,-118.2437
Los Angeles,2025-12-21,54.1875,54.65416666666667,141.13021166666667,8.25,71.85416666666667,26.40833333333333,799.9583333333334,610.4166666666666,14.862583625,83.75,0.0,4.5510063125,1006.6726583333334,US,34.0522,-118.2437
Los Angeles,2025-12-22,47.175000000000004,47.37916666666666,140.40451416666667,5.0,75.42083333333333,23.3,629.6666666666666,570.5416666666666,13.827166958333335,85.33333333333333,0.0,4.76668285,1005.223345,US,34.0522,-118.2437
Los Angeles,2025-12-23,42.295833333333334,42.8125,130.34418166666669,6.583333333333333,69.8125,20.45,696.2916666666666,568.0,15.500083625,89.0,0.05833333333333334,7.45675195,1002.7899404166666,US,34.0522,-118.2437
Los Angeles,2025-12-24,7.920833333333333,8.387500000000001,69.67026308333332,50.333333333333336,21.150000000000002,5.179166666666666,174.45833333333334,454.5833333333333,15.779250208333332,86.125,2.400000020833333,16.428351912500002,1002.06258875,US,34.0522,-118.2437
Los Angeles,2025-12-25,8.558333333333334,10.254166666666666,31.941549958333336,39.875,25.445833333333336,5.95,178.875,456.4583333333333,15.427166958333332,89.04166666666667,0.4083333333333334,11.797193945833333,1006.4064258333333,US,34.0522,-118.2437
Los Angeles,2025-12-26,10.995833333333332,12.362499999999999,37.75752191666667,38.916666666666664,39.62083333333333,9.104166666666666,241.58333333333334,467.375,14.900083791666667,91.41666666666667,1.2083333354166668,11.2928985625,1006.9679025,US,34.0522,-118.2437
Los Angeles,2025-12-27,19.45,21.53333333333333,56.365741750000005,26.583333333333332,47.487500000000004,14.070833333333333,394.7916666666667,512.5416666666666,11.829250375,86.875,0.020833333333333332,5.604586716666667,1005.7746075,US,34.0522,-118.2437
Los Angeles,2025-12-28,21.758333333333336,22.870833333333334,72.42612133333334,17.791666666666668,50.00416666666666,11.987499999999999,410.8333333333333,520.125,11.750083541666667,71.0,0.0,6.023761652916666,1008.8448033333334,US,34.0522,-118.2437
Los Angeles,2025-12-29,8.387500000000001,8.654166666666667,52.50837166666667,44.541666666666664,31.3625,6.2875000000000005,422.2916666666667,514.7916666666666,13.729250166666667,45.958333333333336,0.0,8.170349891666666,1009.2827970833333,US,34.0522,-118.2437
Los Angeles,2025-12-30,10.325000000000001,10.441666666666666,35.534577416666664,28.958333333333332,41.34583333333333,7.141666666666667,462.2083333333333,509.5833333333333,16.223000208333332,44.0,0.0,9.552212933333333,1008.4549879166666,US,34.0522,-118.2437
Los Angeles,2025-12-31,14.933333333333332,15.125,50.89704791666667,8.958333333333334,49.37083333333334,8.454166666666667,485.4583333333333,521.125,18.431333624999997,49.375,0.1083333375,10.206035029166665,1006.4065595833334,US,34.0522,-118.2437
Los Angeles,2026-01-01,12.995833333333332,13.266666666666666,57.97022608333333,21.791666666666668,42.387499999999996,9.6625,207.0,463.7916666666667,14.893833708333332,89.625,0.6666666541666667,12.364526750000001,1005.2610241666666,US,34.0522,-118.2437
Los Angeles,2026-01-02,25.52916666666667,26.325,66.14361708333333,11.916666666666666,58.03333333333333,16.395833333333332,372.6666666666667,515.5833333333334,14.373000333333332,86.04166666666667,0.12083332916666667,6.0654764125,1006.7743704166666,US,34.0522,-118.2437
Los Angeles,2026-01-03,13.708333333333334,14.833333333333334,64.53235895833333,12.541666666666666,46.19583333333333,9.945833333333335,233.16666666666666,477.2916666666667,15.577167000000001,92.375,0.083333335,8.4018468875,1005.9256654166667,US,34.0522,-118.2437
Los Angeles,2026-01-04,12.529166666666667,14.333333333333334,51.958849541666666,23.291666666666668,46.25,10.304166666666667,220.75,469.5833333333333,14.483417166666667,94.04166666666667,0.06250000416666666,6.747048879166666,1005.2251591666667,US,34.0522,-118.2437
Los Angeles,2026-01-05,18.1,19.904166666666665,57.25989795833333,25.375,56.112500000000004,13.762500000000001,276.5,481.2083333333333,14.1188335,88.625,0.041666666666666664,4.85386845,1005.9943404166667,US,34.0522,-118.2437
Sacramento,2025-11-07,4.854166666666667,15.674999999999999,41.055483625,88.58333333333333,0.15833333333333335,0.15416666666666667,118.16666666666667,438.0,19.287499999999998,68.66666666666667,0.0,22.77773975,1020.1125000000001,US,38.5816,-121.4944
Sacramento,2025-11-08,4.070833333333334,13.275,40.850145250000004,88.20833333333333,0.1416666666666667,0.17083333333333336,119.75,438.0,19.9875,72.95833333333333,0.016666666666666666,30.14849045833333,1021.1083333333332,US,38.5816,-121.4944
Sacramento,2025-11-09,4.433333333333334,14.975,41.123124625,89.54166666666667,0.17916666666666667,0.225,117.70833333333333,438.125,19.177083333333332,72.54166666666667,0.016666666666666666,28.550365333333332,1021.7875,US,38.5816,-121.4944
Sacramento,2025-11-10,5.45,16.775,43.662065625,93.875,0.1125,0.39166666666666666,115.70833333333333,438.375,18.889583333333334,73.08333333333333,0.012500000000000002,35.444885375,1016.9499999999999,US,38.5816,-121.4944
Sacramento,2025-11-11,4.020833333333333,18.125,42.043521125,89.0,0.10000000000000002,0.07916666666666668,118.16666666666667,439.0,17.564583333333335,78.58333333333333,0.6124999999999999,46.83276529166667,1001.225,US,38.5816,-121.4944
Sacramento,2025-11-12,2.004166666666667,8.945833333333333,37.748337916666664,81.16666666666667,0.10833333333333334,0.09583333333333334,119.625,438.0416666666667,14.922916666666666,79.95833333333333,0.30416666666666664,32.010400374999996,997.8958333333334,US,38.5816,-121.4944
Sacramento,2025-11-13,2.704166666666667,14.345833333333333,37.50917929166667,82.41666666666667,0.10000000000000002,0.04583333333333334,120.41666666666667,438.8333333333333,15.835416666666667,80.375,0.3541666666666667,43.331329333333336,998.6208333333334,US,38.5816,-121.4944
Sacramento,2025-11-14,3.3083333333333336,20.141666666666666,39.470759083333334,84.70833333333333,0.10000000000000002,0.08333333333333333,123.83333333333333,438.375,16.306250000000002,81.45833333333333,0.22083333333333333,47.430411666666664,1003.4791666666666,US,38.5816,-121.4944
Sacramento,2025-11-15,2.779166666666667,16.474999999999998,39.34272479166667,83.95833333333333,0.10833333333333334,0.10000000000000002,124.70833333333333,438.7916666666667,17.125,71.875,0.020833333333333332,39.24247016666667,1011.7833333333333,US,38.5816,-121.4944
Sacramento,2025-11-16,2.2333333333333334,10.120833333333334,39.42244383333333,85.91666666666667,0.10416666666666667,0.10000000000000002,119.66666666666667,439.0,17.114583333333332,68.08333333333333,0.0,31.074678541666668,1021.9416666666666,US,38.5816,-121.4944
Sacramento,2025-11-17,1.8,5.791666666666667,42.579815458333336,92.95833333333333,0.15416666666666667,0.10000000000000002,119.33333333333333,439.0,16.847916666666666,67.04166666666667,0.049999999999999996,10.461859083333334,1026.7375,US,38.5816,-121.4944
Sacramento,2025-11-18,1.4541666666666666,3.045833333333333,40.85739225,85.70833333333333,0.16666666666666666,0.08750000000000001,117.875,439.375,17.564583333333335,77.625,0.17500000000000002,17.5457005,1024.7791666666667,US,38.5816,-121.4944
Sacramento,2025-11-19,2.158333333333333,8.420833333333333,35.499284375,76.08333333333333,0.19583333333333333,0.041666666666666664,119.58333333333333,439.5,17.179166666666667,81.125,0.30416666666666664,30.707898862500002,1021.9,US,38.5816,-121.4944
Sacramento,2025-11-20,2.9291666666666667,12.4375,39.168791625000004,85.125,0.1125,0.10000000000000002,123.04166666666667,439.25,17.006249999999998,70.66666666666667,0.008333333333333333,35.693986208333335,1028.4708333333333,US,38.5816,-121.4944
Sacramento,2025-11-21,2.1416666666666666,7.620833333333334,38.9827795,85.08333333333333,0.12916666666666668,0.10000000000000002,123.75,439.25,17.220833333333335,68.95833333333333,0.004166666666666667,26.069369833333337,1031.5916666666667,US,38.5816,-121.4944
Sacramento,2025-11-22,1.4749999999999999,4.391666666666667,41.449249083333335,89.54166666666667,0.125,0.008333333333333333,120.91666666666667,439.0,17.597916666666666,71.04166666666667,0.012500000000000002,8.081958845833332,1031.8041666666666,US,38.5816,-121.4944
Sacramento,2025-11-23,1.5416666666666667,4.504166666666666,40.10851475,86.20833333333333,0.14583333333333334,0.05000000000000001,118.20833333333333,439.0,17.702083333333334,74.91666666666667,0.004166666666666667,19.53043991666667,1028.2791666666667,US,38.5816,-121.4944
Sacramento,2025-11-24,2.654166666666667,11.174999999999999,39.54806275,83.875,0.12083333333333335,0.11666666666666668,112.79166666666667,439.0,18.566666666666666,80.16666666666667,0.0375,32.47147458333333,1025.5958333333333,US,38.5816,-121.4944
Sacramento,2025-11-25,2.2916666666666665,6.8625,36.32546679166666,78.875,0.15416666666666667,0.1375,110.83333333333333,439.0,17.439583333333335,76.33333333333333,0.0,13.7145898125,1027.2208333333333,US,38.5816,-121.4944
Sacramento,2025-11-26,2.0083333333333333,6.5375000000000005,39.485253416666666,86.20833333333333,0.1375,0.17083333333333336,115.41666666666667,439.75,18.010416666666668,68.29166666666667,0.0,12.600034291666667,1026.1958333333334,US,38.5816,-121.4944
Sacramento,2025-11-27,2.025,6.0625,39.77997358333334,84.95833333333333,0.1625,0.1125,113.66666666666667,439.625,18.339583333333334,77.25,0.07083333333333335,17.495743416666667,1023.8874999999999,US,38.5816,-121.4944
Sacramento,2025-11-28,1.4666666666666668,4.945833333333334,36.634681375,79.70833333333333,0.19583333333333333,0.08750000000000001,112.125,439.4583333333333,17.233333333333334,83.79166666666667,0.5333333333333333,17.932202208333333,1024.3291666666667,US,38.5816,-121.4944
Sacramento,2025-11-29,2.6916666666666664,11.1,41.79953166666667,89.08333333333333,0.125,0.11666666666666668,120.58333333333333,440.75,17.860416666666666,75.83333333333333,0.016666666666666666,29.174344458333334,1025.425,US,38.5816,-121.4944
Sacramento,2025-11-30,2.0875,6.241666666666667,37.876372124999996,81.16666666666667,0.1875,0.09583333333333334,119.79166666666667,440.625,18.104166666666668,83.29166666666667,0.012500000000000002,12.916453170833334,1025.9624999999999,US,38.5816,-121.4944
Sacramento,2025-12-01,2.775,13.25,38.632497541666666,84.41666666666667,0.10416666666666667,0.13333333333333333,124.25,441.6666666666667,17.599999999999998,74.54166666666667,0.016666666666666666,36.319514875,1024.2,US,38.5816,-121.4944
Sacramento,2025-12-02,2.4291666666666667,12.779166666666667,39.41761308333333,85.20833333333333,0.10000000000000002,0.1125,121.20833333333333,440.2916666666667,16.472916666666666,63.791666666666664,0.0,29.662758916666665,1027.8958333333333,US,38.5816,-121.4944
Sacramento,2025-12-03,2.658333333333333,11.616666666666667,41.09413491666667,88.54166666666667,0.10000000000000002,0.10000000000000002,117.66666666666667,440.5833333333333,17.545833333333334,65.95833333333333,0.0,27.649049541666667,1027.6916666666666,US,38.5816,-121.4944
Sacramento,2025-12-04,3.0583333333333336,12.7125,38.1976645,81.79166666666667,0.10833333333333334,0.10000000000000002,115.45833333333333,441.7083333333333,18.622916666666665,80.33333333333333,0.020833333333333332,33.547790291666665,1024.6958333333334,US,38.5816,-121.4944
Sacramento,2025-12-05,4.2,19.275000000000002,40.096435791666664,86.91666666666667,0.10000000000000002,0.075,109.29166666666667,441.0,18.64375,80.5,0.0,39.07587316666667,1020.3083333333334,US,38.5816,-121.4944
Sacramento,2025-12-06,3.9791666666666665,24.075,40.306604875,86.41666666666667,0.10000000000000002,0.10000000000000002,111.20833333333333,440.2083333333333,18.933333333333334,82.20833333333333,0.0625,46.48508808333333,1016.8416666666667,US,38.5816,-121.4944
Sacramento,2025-12-07,2.5083333333333333,9.362499999999999,37.32075129166667,79.33333333333333,0.15833333333333335,0.02916666666666667,110.95833333333333,440.5416666666667,18.072916666666668,88.83333333333333,0.9458333333333333,35.810522,1011.625,US,38.5816,-121.4944
Sacramento,2025-12-08,4.045833333333333,19.495833333333334,33.76961529166667,73.33333333333333,0.14583333333333334,0.08750000000000001,107.79166666666667,440.5,18.78125,86.79166666666667,0.07083333333333333,45.54083325,1001.4666666666667,US,38.5816,-121.4944
Sacramento,2025-12-09,3.3333333333333335,16.504166666666666,41.185934083333336,90.20833333333333,0.10000000000000002,0.25833333333333336,129.45833333333334,441.0,15.366666666666667,75.25,0.14583333333333334,41.77442704166666,1016.2333333333332,US,38.5816,-121.4944
Sacramento,2025-12-10,2.6,13.008333333333333,40.678629541666666,88.375,0.15,0.30416666666666664,126.08333333333333,440.9583333333333,16.989583333333332,67.70833333333333,0.25833333333333336,33.7812038,1023.2375000000001,US,38.5816,-121.4944
Sacramento,2025-12-11,3.091666666666667,16.037499999999998,39.458679958333335,84.125,0.10000000000000002,0.1416666666666667,127.08333333333333,440.7083333333333,16.0625,70.79166666666667,0.11666666666666665,45.81609291666666,1021.9958333333334,US,38.5816,-121.4944
Sacramento,2025-12-12,2.779166666666667,15.512500000000001,40.70761745833333,87.70833333333333,0.10000000000000002,0.19166666666666668,134.625,441.2083333333333,15.397916666666667,68.875,0.012500000000000002,41.24782641666667,1029.1166666666666,US,38.5816,-121.4944
Sacramento,2025-12-13,2.2,8.183333333333334,40.36941358333333,87.29166666666667,0.14583333333333334,0.19166666666666668,130.125,441.0,16.572916666666668,66.16666666666667,0.0,20.442234583333335,1029.1499999999999,US,38.5816,-121.4944
Sacramento,2025-12-14,2.7416666666666667,10.941666666666668,38.760531625,81.29166666666667,0.1875,0.14583333333333334,123.25,440.9166666666667,17.745833333333334,82.33333333333333,0.09166666666666667,22.930849433333332,1022.1291666666666,US,38.5816,-121.4944
Sacramento,2025-12-15,3.466666666666667,19.779166666666665,39.748569583333335,88.625,0.10000000000000002,0.19166666666666668,127.125,442.0,16.014583333333334,72.91666666666667,0.03333333333333333,45.81288204166666,1021.5124999999999,US,38.5816,-121.4944
Sacramento,2025-12-16,2.891666666666667,13.695833333333333,40.388740166666665,86.625,0.1125,0.2041666666666667,129.95833333333334,441.7083333333333,17.625,72.375,0.008333333333333333,37.353541625,1025.9125000000001,US,38.5816,-121.4944
Sacramento,2025-12-17,5.533333333333334,21.633333333333336,40.36941366666667,85.5,0.15,0.30416666666666664,120.29166666666667,441.0,18.79375,83.54166666666667,0.004166666666666667,39.217576625,1021.9541666666668,US,38.5816,-121.4944
Sacramento,2025-12-18,3.470833333333333,16.808333333333334,38.40783429166667,84.83333333333333,0.10000000000000002,0.1416666666666667,125.5,441.5416666666667,16.108333333333334,77.0,0.1625,36.40559966666667,1021.725,US,38.5816,-121.4944
Sacramento,2025-12-19,2.091666666666667,10.091666666666667,41.49031745833333,89.45833333333333,0.10000000000000002,0.20833333333333334,131.66666666666666,441.2083333333333,15.356250000000001,70.70833333333333,0.008333333333333333,26.175582416666668,1028.0041666666666,US,38.5816,-121.4944
Sacramento,2025-12-20,3.8791666666666664,18.337500000000002,43.0822895,93.25,0.10000000000000002,0.13333333333333333,131.875,442.0416666666667,15.575000000000001,69.91666666666667,0.0625,42.185942,1025.1000000000001,US,38.5816,-121.4944
Sacramento,2025-12-21,4.7749999999999995,19.0125,41.466158625,89.125,0.10000000000000002,0.1125,133.25,442.0,15.625,71.04166666666667,0.03333333333333333,39.213668625,1023.3416666666667,US,38.5816,-121.4944
Sacramento,2025-12-22,4.3500000000000005,15.237499999999999,42.760994958333335,92.29166666666667,0.10000000000000002,0.17500000000000002,123.375,441.5,16.266666666666666,69.625,0.0,29.55979004166667,1022.8583333333332,US,38.5816,-121.4944
Sacramento,2025-12-23,3.2875,13.729166666666666,39.24367920833333,83.375,0.10416666666666667,0.10000000000000002,126.875,442.0,16.447916666666668,76.70833333333333,0.03333333333333333,31.519629,1022.5833333333334,US,38.5816,-121.4944
Sacramento,2025-12-24,3.1166666666666667,12.4375,38.076877208333336,80.25,0.14583333333333334,0.10000000000000002,132.79166666666666,441.9583333333333,15.502083333333333,68.375,0.008333333333333333,30.141917875,1022.1666666666666,US,38.5816,-121.4944
Sacramento,2025-12-25,2.5166666666666666,9.908333333333333,35.523441749999996,77.29166666666667,0.20000000000000004,0.10000000000000002,130.75,441.2916666666667,15.647916666666667,67.29166666666667,0.0,19.957218541666666,1022.8874999999999,US,38.5816,-121.4944
Sacramento,2025-12-26,3.0208333333333335,13.104166666666666,40.031210791666666,86.5,0.1416666666666667,0.09583333333333334,124.83333333333333,442.125,14.831249999999999,73.58333333333333,0.049999999999999996,39.701736583333336,1020.6708333333332,US,38.5816,-121.4944
Sacramento,2025-12-27,3.8333333333333335,14.733333333333334,35.045125875000004,74.16666666666667,0.25833333333333336,0.12916666666666668,144.83333333333334,444.75,14.174999999999999,66.29166666666667,0.008333333333333333,33.150598583333334,1019.6875,US,38.5816,-121.4944
Sacramento,2025-12-28,2.3583333333333334,6.520833333333333,34.63686525,75.875,0.27499999999999997,0.10416666666666667,136.20833333333334,443.5416666666667,15.1,64.16666666666667,0.008333333333333333,22.986555916666664,1019.4375,US,38.5816,-121.4944
Sacramento,2025-12-29,3.033333333333333,11.541666666666666,38.05030425,82.70833333333333,0.18333333333333335,0.0375,129.08333333333334,443.4166666666667,15.260416666666666,78.95833333333333,0.5666666666666667,42.001150125,1015.5333333333333,US,38.5816,-121.4944
Sacramento,2025-12-30,2.8958333333333335,11.950000000000001,38.767779166666664,82.875,0.21250000000000002,0.004166666666666667,123.0,442.875,16.620833333333334,87.41666666666667,0.1416666666666667,32.210163625,1014.6125000000001,US,38.5816,-121.4944
Sacramento,2025-12-31,2.2666666666666666,7.891666666666667,36.354456041666666,80.33333333333333,0.1875,0.05416666666666667,113.16666666666667,441.5,16.806250000000002,88.41666666666667,0.7833333333333333,27.650044625000003,1005.4791666666666,US,38.5816,-121.4944
Sacramento,2026-01-01,2.779166666666667,10.9,38.74362166666666,81.91666666666667,0.1875,0.05833333333333334,124.83333333333333,442.2083333333333,15.339583333333332,83.375,0.4458333333333333,29.993824083333333,996.2791666666667,US,38.5816,-121.4944
Sacramento,2026-01-02,3.533333333333333,16.654166666666665,36.40035533333333,78.58333333333333,0.2041666666666667,0.020833333333333332,125.08333333333333,442.75,15.322916666666666,83.45833333333333,0.5499999999999999,43.60507741666667,992.0625,US,38.5816,-121.4944
Sacramento,2026-01-03,4.525,18.470833333333335,34.578888041666666,72.95833333333333,0.2625,0.04583333333333334,122.04166666666667,442.75,16.147916666666667,82.33333333333333,0.016666666666666666,36.17432433333333,1005.225,US,38.5816,-121.4944
Sacramento,2026-01-04,4.479166666666667,16.020833333333332,38.97794841666667,87.125,0.17916666666666667,0.10833333333333334,128.29166666666666,442.3333333333333,14.910416666666668,74.375,0.06666666666666667,38.014283416666665,1017.6458333333334,US,38.5816,-121.4944
Sacramento,2026-01-05,2.525,8.866666666666667,41.09655133333333,88.125,0.10000000000000002,0.49583333333333335,128.66666666666666,442.0,14.064583333333333,62.375,0.020833333333333332,28.431453583333333,1028.6583333333333,US,38.5816,-121.4944
